kst,airport,measuredAt,secA,secB,secC,secD,lvlA,lvlB,lvlC,lvlAll
20260919T2053,CJU,20:50,173,162,300,1345,1,1,1,1
20260919T2053,GMP,20:50,0,0,180,1118,1,1,1,1
20260919T2053,PUS,20:50,230,285,120,1602,1,2,1,1
20260919T2054,CJU,20:50,173,162,300,1345,1,1,1,1
20260919T2054,GMP,20:50,0,0,180,1118,1,1,1,1
20260919T2054,PUS,20:50,230,285,120,1602,1,2,1,1
20260919T2107,CJU,21:05,3904,130,300,1050,1,1,1,1
20260919T2107,GMP,21:05,0,0,180,0,1,1,1,1
20260919T2107,PUS,21:05,230,138,120,910,1,1,1,1
20260920T0637,CJU,06:35,1086,196,300,615,1,2,1,1
20260920T0637,GMP,06:35,657,171,180,1194,1,1,1,1
20260920T0707,CJJ,07:05,1542,165,180,1200,1,1,1,1
20260920T0707,CJU,07:05,630,141,300,1027,1,1,1,1
20260920T0707,GMP,07:05,863,176,180,875,1,1,1,1
20260920T0707,PUS,07:05,513,240,120,1337,1,2,1,1
20260920T0737,CJJ,07:35,1334,330,180,1200,2,3,1,2
20260920T0737,CJU,07:35,2290,94,300,1434,1,1,1,1
20260920T0737,GMP,07:35,2073,196,180,1323,1,2,1,1
20260920T0737,PUS,07:35,2504,425,120,1663,1,3,1,2
20260920T0737,TAE,07:35,583,145,180,1200,1,1,1,1
20260920T0807,CJJ,08:05,695,178,180,1200,2,1,1,1
20260920T0807,CJU,08:05,195,240,300,1202,1,2,1,2
20260920T0807,GMP,08:05,55,224,180,1405,1,2,1,1
20260920T0807,PUS,08:05,71,175,120,1516,1,1,1,1
20260920T0807,TAE,08:05,659,159,180,1200,1,1,1,1
20260920T0837,CJJ,08:35,2699,177,180,1200,1,1,1,1
20260920T0837,CJU,08:35,1727,264,300,833,1,2,1,2
20260920T0837,GMP,08:35,1679,183,180,738,1,2,1,1
20260920T0837,PUS,08:35,92,194,120,1726,1,2,1,1
20260920T0837,TAE,08:35,589,206,180,1200,1,2,1,1
20260920T0907,CJJ,09:05,2096,353,180,1200,1,3,1,2
20260920T0907,CJU,09:05,147,291,300,1680,1,2,1,2
20260920T0907,GMP,09:05,955,226,180,1216,1,2,1,1
20260920T0907,PUS,09:05,567,186,120,1340,1,2,1,1
20260920T0907,TAE,09:05,1417,412,180,1200,1,3,1,2
20260920T0937,CJJ,09:35,1104,230,180,704,1,2,1,1
20260920T0937,CJU,09:35,718,140,300,1010,1,1,1,1
20260920T0937,GMP,09:35,613,241,180,1242,1,2,1,1
20260920T0937,PUS,09:35,514,194,120,1189,1,2,1,1
20260920T0937,TAE,09:35,1291,173,180,1200,1,1,1,1
20260920T1007,CJJ,10:05,0,0,180,0,2,1,1,1
20260920T1007,CJU,10:05,551,115,300,1256,1,1,1,2
20260920T1007,GMP,10:05,496,299,180,1245,1,2,1,1
20260920T1007,PUS,10:05,1346,266,120,1597,1,2,1,1
20260920T1007,TAE,10:05,876,352,180,660,1,3,1,2
20260920T1037,CJJ,10:35,644,349,180,1200,1,3,1,2
20260920T1037,CJU,10:35,624,201,300,1041,1,2,1,1
20260920T1037,GMP,10:35,1157,278,180,983,1,2,1,1
20260920T1037,PUS,10:35,1238,332,120,880,1,3,1,2
20260920T1037,TAE,10:35,2142,414,180,1200,1,3,1,2
20260920T1107,CJJ,11:05,714,297,180,1200,1,2,1,1
20260920T1107,CJU,11:05,1278,164,300,1375,1,1,1,1
20260920T1107,GMP,11:05,1645,247,180,1381,1,2,1,1
20260920T1107,PUS,11:05,1433,186,120,1234,1,2,1,1
20260920T1107,TAE,11:05,1610,174,180,1200,1,1,1,1
20260920T1137,CJJ,11:35,0,0,180,856,2,1,1,1
20260920T1137,CJU,11:35,337,119,300,1228,1,1,1,1
20260920T1137,GMP,11:35,375,286,180,1176,1,2,1,1
20260920T1137,PUS,11:35,3593,178,120,889,1,1,1,1
20260920T1137,TAE,11:35,352,338,180,1200,1,3,1,2
20260920T1207,CJJ,12:05,507,207,180,1200,2,2,1,2
20260920T1207,CJU,12:05,743,228,300,1398,1,2,1,2
20260920T1207,GMP,12:05,845,262,180,1491,1,2,1,1
20260920T1207,PUS,12:05,991,247,120,2116,1,2,1,1
20260920T1207,TAE,12:05,1872,106,180,1200,1,1,1,1
20260920T1237,CJJ,12:35,1957,386,180,1200,2,3,1,2
20260920T1237,CJU,12:35,759,258,300,1026,1,2,1,2
20260920T1237,GMP,12:35,3186,257,180,1005,2,2,1,2
20260920T1237,PUS,12:35,2300,168,120,1177,1,1,1,1
20260920T1237,TAE,12:35,109,149,180,1187,1,1,1,1
20260920T1307,CJJ,13:05,0,150,180,759,1,1,1,1
20260920T1307,CJU,13:05,642,85,300,1269,1,1,1,2
20260920T1307,GMP,13:05,857,187,180,1666,1,2,1,1
20260920T1307,PUS,13:05,415,146,120,1066,1,1,1,1
20260920T1307,TAE,13:05,245,144,180,1200,1,1,1,1
20260920T1337,CJJ,13:35,1986,539,180,1200,1,3,1,2
20260920T1337,CJU,13:35,577,168,300,1191,1,1,1,2
20260920T1337,GMP,13:35,1005,266,180,821,1,2,1,1
20260920T1337,PUS,13:35,457,158,120,1225,1,1,1,1
20260920T1337,TAE,13:35,1061,206,180,1200,1,2,1,1
20260920T1407,CJJ,14:05,2056,537,180,1200,1,3,1,2
20260920T1407,CJU,14:05,733,102,300,1318,1,1,1,2
20260920T1407,GMP,14:05,815,222,180,1188,1,2,1,1
20260920T1407,PUS,14:05,235,240,120,1980,1,2,1,1
20260920T1407,TAE,14:05,0,0,180,0,1,1,1,1
20260920T1437,CJJ,14:35,0,0,180,0,1,1,1,1
20260920T1437,CJU,14:35,748,198,300,1138,1,2,1,2
20260920T1437,GMP,14:35,736,241,180,1723,1,2,1,1
20260920T1437,PUS,14:35,1427,183,120,1027,1,2,1,1
20260920T1437,TAE,14:35,82,105,180,1200,1,1,1,1
20260920T1507,CJJ,15:05,0,0,180,0,1,1,1,1
20260920T1507,CJU,15:05,702,179,300,1299,1,1,1,2
20260920T1507,GMP,15:05,1139,246,180,835,1,2,1,1
20260920T1507,PUS,15:05,1697,129,120,874,1,1,1,1
20260920T1507,TAE,15:05,906,97,180,1200,1,1,1,1
20260920T1537,CJJ,15:35,1117,190,180,1200,1,2,1,1
20260920T1537,CJU,15:35,411,127,300,1303,1,1,1,2
20260920T1537,GMP,15:35,543,172,180,1031,1,1,1,1
20260920T1537,PUS,15:35,1028,118,120,1285,1,1,1,1
20260920T1537,TAE,15:35,1905,135,180,1200,1,1,1,1
20260920T1607,CJJ,16:05,183,208,180,1200,1,2,1,1
20260920T1607,CJU,16:05,498,275,300,1791,1,2,1,2
20260920T1607,GMP,16:05,523,186,180,1597,1,2,1,1
20260920T1607,PUS,16:05,1231,158,120,909,1,1,1,1
20260920T1607,TAE,16:05,0,344,180,866,1,3,1,2
20260920T1637,CJJ,16:35,357,202,180,1200,1,2,1,1
20260920T1637,CJU,16:35,857,127,300,1146,1,1,1,2
20260920T1637,GMP,16:35,304,259,180,1284,2,2,1,2
20260920T1637,PUS,16:35,452,196,120,1470,1,2,1,1
20260920T1637,TAE,16:35,0,0,180,1200,1,1,1,1
20260920T1707,CJJ,17:05,1038,129,180,1200,1,1,1,1
20260920T1707,CJU,17:05,1116,140,300,1306,1,1,1,2
20260920T1707,GMP,17:05,1193,178,180,1548,1,1,1,1
20260920T1707,PUS,17:05,55,144,120,687,1,1,1,1
20260920T1707,TAE,17:05,147,336,180,1200,1,3,1,2
20260920T1737,CJJ,17:35,0,0,180,0,1,1,1,1
20260920T1737,CJU,17:35,1598,218,300,1176,1,2,1,2
20260920T1737,GMP,17:35,2369,236,180,1611,1,2,1,1
20260920T1737,PUS,17:35,2328,112,120,1271,1,1,1,1
20260920T1737,TAE,17:35,1291,182,180,1200,1,2,1,1
20260920T1807,CJJ,18:05,110,425,180,1200,1,3,1,2
20260920T1807,CJU,18:05,683,186,300,1269,1,2,1,2
20260920T1807,GMP,18:05,404,171,180,1177,1,1,1,1
20260920T1807,PUS,18:05,706,144,120,697,2,1,1,1
20260920T1807,TAE,18:05,1338,279,180,1200,1,2,1,1
20260920T1837,CJJ,18:35,2146,161,180,1200,1,1,1,1
20260920T1837,CJU,18:35,374,189,300,987,1,2,1,2
20260920T1837,GMP,18:35,1320,268,180,1463,1,2,1,1
20260920T1837,PUS,18:35,949,172,120,769,1,1,1,1
20260920T1837,TAE,18:35,2219,207,180,1200,1,2,1,1
20260920T1907,CJJ,19:05,62,119,180,1200,1,1,1,1
20260920T1907,CJU,19:05,723,162,300,1789,1,1,1,2
20260920T1907,GMP,19:05,716,201,180,1165,1,2,1,1
20260920T1907,PUS,19:05,2277,304,120,783,1,3,1,2
20260920T1907,TAE,19:05,373,154,180,1200,1,1,1,1
20260920T1937,CJJ,19:35,231,466,180,867,2,3,1,2
20260920T1937,CJU,19:35,935,150,300,1423,1,1,1,2
20260920T1937,GMP,19:35,395,137,180,1509,1,1,1,1
20260920T1937,PUS,19:35,511,111,120,1126,1,1,1,1
20260920T1937,TAE,19:35,0,167,180,0,1,1,1,1
20260920T2007,CJU,20:05,895,242,300,1095,1,2,1,2
20260920T2007,GMP,20:05,51,155,180,1357,1,1,1,1
20260920T2007,PUS,20:05,686,169,120,706,1,1,1,1
20260920T2037,CJU,20:35,1120,140,300,1814,1,1,1,2
20260920T2037,GMP,20:35,2976,124,180,1145,1,1,1,1
20260920T2037,PUS,20:35,1512,287,120,1624,1,2,1,1
20260920T2107,CJU,21:05,214,450,300,1551,1,3,1,2
20260920T2107,GMP,21:05,0,0,180,969,1,1,1,1
20260920T2107,PUS,21:05,1512,137,120,1397,1,1,1,1
20260921T0637,CJU,06:35,1227,365,300,662,1,3,1,2
20260921T0637,GMP,06:35,971,231,180,1532,1,2,1,1
20260921T0707,CJJ,07:05,177,206,180,1200,2,2,1,2
20260921T0707,CJU,07:05,225,136,300,939,1,1,1,1
20260921T0707,GMP,07:05,407,161,180,1164,1,1,1,1
20260921T0707,PUS,07:05,488,158,120,1545,1,1,1,1
20260921T0737,CJJ,07:35,637,330,180,1200,2,3,1,2
20260921T0737,CJU,07:35,258,119,300,1703,1,1,1,2
20260921T0737,GMP,07:35,647,139,180,1177,1,1,1,1
20260921T0737,PUS,07:35,1189,160,120,961,1,1,1,1
20260921T0737,TAE,07:35,147,215,180,1200,1,2,1,1
20260921T0807,CJJ,08:05,0,0,180,991,1,1,1,1
20260921T0807,CJU,08:05,233,81,300,1070,1,1,1,2
20260921T0807,GMP,08:05,95,247,180,2230,1,2,1,1
20260921T0807,PUS,08:05,241,124,120,1730,1,1,1,1
20260921T0807,TAE,08:05,99,93,180,1200,1,1,1,1
20260921T0837,CJJ,08:35,110,200,180,1200,2,2,1,2
20260921T0837,CJU,08:35,542,123,300,1210,1,1,1,2
20260921T0837,GMP,08:35,347,159,180,947,1,1,1,1
20260921T0837,PUS,08:35,654,184,120,1368,1,2,1,1
20260921T0837,TAE,08:35,219,107,180,1200,1,1,1,1
20260921T0907,CJJ,09:05,682,427,180,1200,2,3,1,2
20260921T0907,CJU,09:05,995,177,300,1545,1,1,1,2
20260921T0907,GMP,09:05,1512,142,180,1052,1,1,1,1
20260921T0907,PUS,09:05,362,141,120,1185,1,1,1,1
20260921T0907,TAE,09:05,657,135,180,1200,2,1,1,1
20260921T0937,CJJ,09:35,849,312,180,1200,1,3,1,2
20260921T0937,CJU,09:35,1451,82,300,1352,1,1,1,1
20260921T0937,GMP,09:35,1925,208,180,1488,1,2,1,1
20260921T0937,PUS,09:35,203,157,120,1353,1,1,1,1
20260921T0937,TAE,09:35,1195,156,180,1200,1,1,1,1
20260921T1007,CJJ,10:05,0,0,180,1015,2,1,1,1
20260921T1007,CJU,10:05,253,196,300,1905,1,2,1,1
20260921T1007,GMP,10:05,236,249,180,1178,1,2,1,1
20260921T1007,PUS,10:05,975,134,120,1499,1,1,1,1
20260921T1007,TAE,10:05,2286,220,180,1200,1,2,1,1
20260921T1037,CJJ,10:35,612,180,180,1200,1,2,1,1
20260921T1037,CJU,10:35,497,175,300,1096,1,1,1,1
20260921T1037,GMP,10:35,477,176,180,993,1,1,1,1
20260921T1037,PUS,10:35,157,133,120,900,1,1,1,1
20260921T1037,TAE,10:35,2006,114,180,1200,1,1,1,1
20260921T1107,CJJ,11:05,1312,504,180,1200,2,3,1,2
20260921T1107,CJU,11:05,474,122,300,1299,1,1,1,1
20260921T1107,GMP,11:05,854,179,180,1721,1,1,1,1
20260921T1107,PUS,11:05,23,150,120,1625,1,1,1,1
20260921T1107,TAE,11:05,2006,249,180,1200,1,2,1,1
20260921T1137,CJJ,11:35,0,0,180,1125,2,1,1,1
20260921T1137,CJU,11:35,539,209,300,1387,1,2,1,2
20260921T1137,GMP,11:35,490,187,180,1456,1,2,1,1
20260921T1137,PUS,11:35,987,117,120,1515,1,1,1,1
20260921T1137,TAE,11:35,1847,152,180,1200,1,1,1,1
20260921T1207,CJJ,12:05,1131,185,180,1200,2,2,1,2
20260921T1207,CJU,12:05,410,102,300,1376,1,1,1,2
20260921T1207,GMP,12:05,644,215,180,1086,1,2,1,1
20260921T1207,PUS,12:05,2123,181,120,1604,1,2,1,1
20260921T1207,TAE,12:05,1458,90,180,1200,1,1,1,1
20260921T1237,CJJ,12:35,1192,532,180,1200,1,3,1,2
20260921T1237,CJU,12:35,812,129,300,996,1,1,1,2
20260921T1237,GMP,12:35,1567,169,180,890,1,1,1,1
20260921T1237,PUS,12:35,1770,192,120,1035,1,2,1,1
20260921T1237,TAE,12:35,3530,137,180,1200,1,1,1,1
20260921T1307,CJJ,13:05,0,0,180,0,1,1,1,1
20260921T1307,CJU,13:05,342,125,300,1200,1,1,1,2
20260921T1307,GMP,13:05,596,171,180,1378,1,1,1,1
20260921T1307,PUS,13:05,746,169,120,1205,1,1,1,1
20260921T1307,TAE,13:05,646,137,180,1200,1,1,1,1
20260921T1337,CJJ,13:35,2318,251,180,1200,2,2,1,2
20260921T1337,CJU,13:35,392,116,300,1162,1,1,1,2
20260921T1337,GMP,13:35,754,233,180,1431,1,2,1,1
20260921T1337,PUS,13:35,914,121,120,886,1,1,1,1
20260921T1337,TAE,13:35,2538,217,180,1200,1,2,1,1
20260921T1407,CJJ,14:05,3259,266,180,1200,1,2,1,1
20260921T1407,CJU,14:05,329,199,300,1027,1,2,1,2
20260921T1407,GMP,14:05,124,268,180,1439,1,2,1,1
20260921T1437,CJJ,14:35,2797,189,180,1200,1,2,1,1
20260921T1437,CJU,14:35,1860,192,300,1019,1,2,1,2
20260921T1437,GMP,14:35,2257,220,180,1256,1,2,1,1
20260921T1437,PUS,14:35,1080,135,120,1029,1,1,1,1
20260921T1437,TAE,14:35,303,111,180,1200,1,1,1,1
20260921T1507,CJJ,15:05,0,372,180,0,1,3,1,2
20260921T1507,CJU,15:05,361,156,300,1367,1,1,1,2
20260921T1507,GMP,15:05,399,222,180,1193,1,2,1,1
20260921T1507,PUS,15:05,129,124,120,1172,1,1,1,1
20260921T1507,TAE,15:05,243,154,180,1200,1,1,1,1
20260921T1537,CJJ,15:35,792,138,180,1200,1,1,1,1
20260921T1537,CJU,15:35,501,186,300,1093,1,2,1,2
20260921T1537,GMP,15:35,1051,106,180,1232,1,1,1,1
20260921T1537,PUS,15:35,337,217,120,1138,1,2,1,1
20260921T1537,TAE,15:35,978,120,180,1200,1,1,1,1
20260921T1607,CJJ,16:05,282,188,180,1200,2,2,1,2
20260921T1607,CJU,16:05,398,148,300,1495,1,1,1,2
20260921T1607,GMP,16:05,209,188,180,1351,1,2,1,1
20260921T1607,PUS,16:05,256,177,120,864,1,1,1,1
20260921T1607,TAE,16:05,705,88,180,1200,1,1,1,1
20260921T1637,CJJ,16:35,531,210,180,853,1,2,1,1
20260921T1637,CJU,16:35,828,149,300,1403,1,1,1,2
20260921T1637,GMP,16:35,993,196,180,1299,1,2,1,1
20260921T1637,PUS,16:35,1204,117,120,668,1,1,1,1
20260921T1637,TAE,16:35,1198,112,180,1200,1,1,1,1
20260921T1707,CJJ,17:05,1089,217,180,1200,1,2,1,1
20260921T1707,CJU,17:05,655,100,300,1127,1,1,1,2
20260921T1707,GMP,17:05,435,197,180,1227,1,2,1,1
20260921T1707,PUS,17:05,447,159,120,641,1,1,1,1
20260921T1707,TAE,17:05,972,75,180,766,1,1,1,1
20260921T1737,CJJ,17:35,0,0,180,0,1,1,1,1
20260921T1737,CJU,17:35,448,113,300,1155,1,1,1,2
20260921T1737,GMP,17:35,454,228,180,1527,1,2,1,1
20260921T1737,PUS,17:35,1110,152,120,1397,1,1,1,1
20260921T1737,TAE,17:35,898,97,180,1200,1,1,1,1
20260921T1807,CJJ,18:05,2163,155,180,1200,2,1,1,1
20260921T1807,CJU,18:05,688,165,300,1145,1,1,1,2
20260921T1807,GMP,18:05,563,266,180,1141,2,2,1,2
20260921T1807,PUS,18:05,89,225,120,1174,1,2,1,1
20260921T1807,TAE,18:05,1187,90,180,1200,1,1,1,1
20260921T1837,CJJ,18:35,61,194,180,1200,1,2,1,1
20260921T1837,CJU,18:35,918,105,300,1367,1,1,1,1
20260921T1837,GMP,18:35,622,199,180,1121,1,2,1,1
20260921T1837,PUS,18:35,1589,93,120,884,1,1,1,1
20260921T1837,TAE,18:35,73,134,180,1200,1,1,1,1
20260921T1907,CJJ,19:05,239,127,180,1200,1,1,1,1
20260921T1907,CJU,19:05,832,197,300,1542,1,2,1,2
20260921T1907,GMP,19:05,441,219,180,1424,1,2,1,1
20260921T1907,PUS,19:05,1694,125,120,866,1,1,1,1
20260921T1907,TAE,19:05,143,211,180,698,1,2,1,1
20260921T1937,CJJ,19:35,693,114,180,1200,2,1,1,1
20260921T1937,CJU,19:35,635,72,300,1249,1,1,1,2
20260921T1937,GMP,19:35,355,186,180,826,1,2,1,1
20260921T1937,PUS,19:35,2682,119,120,674,1,1,1,1
20260921T1937,TAE,19:35,0,0,180,0,1,1,1,1
20260921T2007,CJU,20:05,637,147,300,1167,1,1,1,2
20260921T2007,GMP,20:05,699,252,180,1206,1,2,1,1
20260921T2007,PUS,20:05,397,134,120,1185,1,1,1,1
20260921T2037,CJU,20:35,1041,78,300,1095,1,1,1,2
20260921T2037,GMP,20:35,2117,117,180,1137,1,1,1,1
20260921T2037,PUS,20:35,1906,272,120,704,1,2,1,1
20260921T2107,CJU,21:05,1275,119,300,787,1,1,1,1
20260921T2107,GMP,21:05,0,0,180,0,1,1,1,1
20260921T2107,PUS,21:05,1429,144,120,693,1,1,1,1
20260922T0637,CJU,06:35,877,119,300,839,1,1,1,1
20260922T0637,GMP,06:35,970,270,180,1266,1,2,1,1
20260922T0707,CJJ,07:05,840,221,180,1200,3,2,1,2
20260922T0707,CJU,07:05,319,131,300,956,1,1,1,1
20260922T0707,GMP,07:05,577,202,180,1635,1,2,1,1
20260922T0707,PUS,07:05,644,186,120,1109,2,2,1,2
20260922T0737,CJJ,07:35,1999,218,180,1200,2,2,1,2
20260922T0737,CJU,07:35,302,108,300,1360,1,1,1,1
20260922T0737,GMP,07:35,346,163,180,1261,1,1,1,1
20260922T0737,PUS,07:35,139,233,120,1455,1,2,1,1
20260922T0737,TAE,07:35,169,185,180,1200,1,2,1,1
20260922T0807,CJJ,08:05,922,234,180,1200,2,2,1,2
20260922T0807,CJU,08:05,715,217,300,1443,1,2,1,2
20260922T0807,GMP,08:05,367,221,180,964,1,2,1,1
20260922T0807,PUS,08:05,27,135,120,856,3,1,1,2
20260922T0807,TAE,08:05,923,109,180,1200,1,1,1,1
20260922T0837,CJJ,08:35,375,279,180,1200,1,2,1,1
20260922T0837,CJU,08:35,466,174,300,1265,1,1,1,1
20260922T0837,GMP,08:35,288,147,180,987,1,1,1,1
20260922T0837,PUS,08:35,3238,159,120,1824,1,1,1,1
20260922T0837,TAE,08:35,653,285,180,1200,1,2,1,1
20260922T0907,CJJ,09:05,1135,260,180,1200,1,2,1,1
20260922T0907,CJU,09:05,356,160,300,1633,1,1,1,1
20260922T0907,GMP,09:05,1307,858,180,1257,1,4,1,2
20260922T0907,PUS,09:05,18,140,120,1548,1,1,1,1
20260922T0907,TAE,09:05,2234,184,180,1200,1,2,1,1
20260922T0937,CJJ,09:35,1969,245,180,922,1,2,1,1
20260922T0937,CJU,09:35,594,126,300,1200,1,1,1,1
20260922T0937,GMP,09:35,609,175,180,1251,2,1,1,1
20260922T0937,PUS,09:35,148,172,120,976,1,1,1,1
20260922T0937,TAE,09:35,688,162,180,660,1,1,1,1
20260922T1007,CJJ,10:05,0,0,180,710,1,1,1,1
20260922T1007,CJU,10:05,788,103,300,971,1,1,1,1
20260922T1007,GMP,10:05,1088,236,180,1348,1,2,1,1
20260922T1007,PUS,10:05,280,185,120,936,1,2,1,1
20260922T1007,TAE,10:05,1087,305,180,998,1,3,1,2
20260922T1037,CJJ,10:35,1280,136,180,1200,1,1,1,1
20260922T1037,CJU,10:35,753,136,300,1160,1,1,1,1
20260922T1037,GMP,10:35,1236,318,180,1274,1,3,1,2
20260922T1037,PUS,10:35,488,185,120,1009,1,2,1,1
20260922T1037,TAE,10:35,3125,195,180,1200,1,2,1,1
20260922T1107,CJJ,11:05,1424,252,180,1200,1,2,1,2
20260922T1107,CJU,11:05,776,292,300,1205,1,2,1,1
20260922T1107,GMP,11:05,836,250,180,1307,1,2,1,1
20260922T1107,PUS,11:05,183,266,120,791,1,2,1,1
20260922T1107,TAE,11:05,0,0,180,0,1,1,1,1
20260922T1137,CJJ,11:35,0,0,180,1212,2,1,1,1
20260922T1137,CJU,11:35,1110,147,300,1021,1,1,1,1
20260922T1137,GMP,11:35,700,258,180,1582,1,2,1,1
20260922T1137,PUS,11:35,169,227,120,786,1,2,1,1
20260922T1137,TAE,11:35,880,90,180,1200,1,1,1,1
20260922T1207,CJJ,12:05,585,269,180,1200,1,2,1,1
20260922T1207,CJU,12:05,787,152,300,1177,1,1,1,1
20260922T1207,GMP,12:05,913,194,180,1017,1,2,1,1
20260922T1207,PUS,12:05,1416,381,120,946,1,3,1,2
20260922T1207,TAE,12:05,1117,383,180,1200,1,3,1,2
20260922T1237,CJJ,12:35,546,321,180,1200,1,3,1,2
20260922T1237,CJU,12:35,432,139,300,1129,1,1,1,2
20260922T1237,GMP,12:35,1171,223,180,1089,1,2,1,1
20260922T1237,PUS,12:35,801,203,120,989,1,2,1,1
20260922T1237,TAE,12:35,444,229,180,1200,1,2,1,1
20260922T1307,CJJ,13:05,299,207,180,1200,1,2,1,1
20260922T1307,CJU,13:05,552,150,300,1024,1,1,1,2
20260922T1307,GMP,13:05,741,261,180,1377,2,2,1,2
20260922T1307,PUS,13:05,1155,184,120,1302,1,2,1,1
20260922T1307,TAE,13:05,1582,131,180,1200,1,1,1,1
20260922T1337,CJJ,13:35,1213,190,180,1200,1,2,1,1
20260922T1337,CJU,13:35,2830,139,300,1304,1,1,1,1
20260922T1337,GMP,13:35,1442,331,180,1600,1,3,1,2
20260922T1337,PUS,13:35,666,348,120,1286,1,3,1,2
20260922T1337,TAE,13:35,1542,135,180,1200,1,1,1,1
20260922T1407,CJJ,14:05,2208,229,180,1200,2,2,1,2
20260922T1407,CJU,14:05,383,95,300,1781,1,1,1,1
20260922T1407,GMP,14:05,1327,430,180,1340,1,3,1,2
20260922T1407,PUS,14:05,487,123,120,979,1,1,1,1
20260922T1407,TAE,14:05,0,0,180,0,1,1,1,1
20260922T1437,CJJ,14:35,66,179,180,819,1,1,1,1
20260922T1437,CJU,14:35,693,128,300,1123,1,1,1,2
20260922T1437,GMP,14:35,1409,417,180,1218,1,3,1,2
20260922T1437,PUS,14:35,1760,148,120,971,1,1,1,1
20260922T1437,TAE,14:35,613,94,180,1200,1,1,1,1
20260922T1507,CJJ,15:05,0,0,180,0,2,1,1,1
20260922T1507,CJU,15:05,465,103,300,872,1,1,1,2
20260922T1507,GMP,15:05,565,239,180,1526,1,2,1,1
20260922T1507,PUS,15:05,46,281,120,1052,1,2,1,1
20260922T1507,TAE,15:05,500,164,180,1200,1,1,1,1
20260922T1537,CJJ,15:35,1027,0,180,1200,2,1,1,1
20260922T1537,CJU,15:35,467,147,300,1276,1,1,1,2
20260922T1537,GMP,15:35,244,94,180,1398,1,1,1,1
20260922T1537,PUS,15:35,380,142,120,1373,1,1,1,1
20260922T1537,TAE,15:35,1434,135,180,1200,1,1,1,1
20260922T1607,CJJ,16:05,1225,452,180,1200,1,3,1,2
20260922T1607,CJU,16:05,368,126,300,1293,1,1,1,2
20260922T1607,GMP,16:05,492,1135,180,1766,1,4,1,2
20260922T1607,PUS,16:05,89,157,120,978,1,1,1,1
20260922T1607,TAE,16:05,0,0,180,0,1,1,1,1
20260922T1637,CJJ,16:35,391,256,180,1200,1,2,1,1
20260922T1637,CJU,16:35,730,133,300,1153,1,1,1,2
20260922T1637,GMP,16:35,571,273,180,918,1,2,1,1
20260922T1637,PUS,16:35,1209,283,120,1229,1,2,1,1
20260922T1637,TAE,16:35,2404,0,180,1200,1,1,1,1
20260922T1707,CJJ,17:05,165,243,180,784,1,2,1,1
20260922T1707,CJU,17:05,774,126,300,1406,1,1,1,2
20260922T1707,GMP,17:05,425,191,180,1170,1,2,1,1
20260922T1707,PUS,17:05,188,152,120,887,1,1,1,1
20260922T1707,TAE,17:05,2091,101,180,1200,1,1,1,1
20260922T1737,CJJ,17:35,772,779,180,1200,1,4,1,2
20260922T1737,CJU,17:35,1096,130,300,1051,1,1,1,2
20260922T1737,GMP,17:35,1447,183,180,1382,2,2,1,2
20260922T1737,PUS,17:35,518,190,120,1039,1,2,1,1
20260922T1737,TAE,17:35,1363,129,180,1200,1,1,1,1
20260922T1807,CJJ,18:05,337,183,180,1200,2,2,1,2
20260922T1807,CJU,18:05,130,159,300,983,1,1,1,1
20260922T1807,GMP,18:05,1190,215,180,1289,1,2,1,1
20260922T1807,PUS,18:05,300,372,120,1365,1,3,1,2
20260922T1807,TAE,18:05,2405,419,180,1200,1,3,1,2
20260922T1837,CJJ,18:35,2098,407,180,1200,2,3,1,2
20260922T1837,CJU,18:35,274,221,300,1038,1,2,1,2
20260922T1837,GMP,18:35,582,200,180,1042,1,2,1,1
20260922T1837,PUS,18:35,264,146,120,705,1,1,1,1
20260922T1837,TAE,18:35,515,162,180,1200,1,1,1,1
20260922T1907,CJJ,19:05,638,255,180,1200,2,2,1,2
20260922T1907,CJU,19:05,262,147,300,1258,1,1,1,1
20260922T1907,GMP,19:05,1194,142,180,1316,1,1,1,1
20260922T1907,PUS,19:05,42,153,120,1083,1,1,1,1
20260922T1907,TAE,19:05,1025,315,180,1200,1,3,1,2
20260922T1937,CJJ,19:35,1333,577,180,969,1,3,1,2
20260922T1937,CJU,19:35,452,150,300,1792,1,1,1,2
20260922T1937,GMP,19:35,1820,109,180,1634,1,1,1,1
20260922T1937,PUS,19:35,244,110,120,906,1,1,1,1
20260922T1937,TAE,19:35,0,0,180,0,1,1,1,1
20260922T2007,CJU,20:05,719,187,300,933,1,2,1,2
20260922T2007,GMP,20:05,714,135,180,943,1,1,1,1
20260922T2007,PUS,20:05,1218,136,120,1043,1,1,1,1
20260922T2037,CJU,20:35,820,137,300,1175,1,1,1,2
20260922T2037,GMP,20:35,4799,98,180,1132,1,1,1,1
20260922T2037,PUS,20:35,569,105,120,770,1,1,1,1
20260922T2107,CJU,21:05,711,194,300,942,1,2,1,1
20260922T2107,GMP,21:05,0,0,180,1434,1,1,1,1
20260922T2107,PUS,21:05,569,161,120,1226,1,1,1,1
20260923T0637,CJU,06:35,156,127,300,1294,1,1,1,1
20260923T0637,GMP,06:35,765,305,180,2028,1,3,1,2
20260923T0707,CJJ,07:05,1812,229,180,1200,1,2,1,1
20260923T0707,CJU,07:05,448,160,300,1236,1,1,1,1
20260923T0707,GMP,07:05,1172,275,180,1450,1,2,1,1
20260923T0707,PUS,07:05,812,226,120,1520,1,2,1,2
20260923T0737,CJJ,07:35,1166,501,180,1200,1,3,1,2
20260923T0737,CJU,07:35,405,223,300,1398,1,2,1,2
20260923T0737,GMP,07:35,1546,446,180,1554,1,3,1,2
20260923T0737,PUS,07:35,1044,286,120,1224,1,2,1,2
20260923T0737,TAE,07:35,391,125,180,1200,1,1,1,1
20260923T0807,CJJ,08:05,0,0,180,1404,2,1,1,1
20260923T0807,CJU,08:05,367,126,300,1003,1,1,1,2
20260923T0807,GMP,08:05,605,176,180,1787,1,1,1,1
20260923T0807,PUS,08:05,217,237,120,1368,1,2,1,1
20260923T0807,TAE,08:05,2373,139,180,1200,2,1,1,1
20260923T0837,CJJ,08:35,952,318,180,1200,1,3,1,2
20260923T0837,CJU,08:35,596,123,300,1245,1,1,1,2
20260923T0837,GMP,08:35,1116,168,180,1102,1,1,1,1
20260923T0837,PUS,08:35,500,137,120,1525,1,1,1,1
20260923T0837,TAE,08:35,815,220,180,1200,1,2,1,1
20260923T0907,CJJ,09:05,2188,177,180,1200,1,1,1,1
20260923T0907,CJU,09:05,468,200,300,1119,1,2,1,2
20260923T0907,GMP,09:05,1038,159,180,1344,1,1,1,1
20260923T0907,PUS,09:05,282,128,120,734,1,1,1,1
20260923T0907,TAE,09:05,1031,131,180,1200,3,1,1,2
20260923T0937,CJJ,09:35,3013,507,180,735,2,3,1,2
20260923T0937,CJU,09:35,409,229,300,1333,1,2,1,2
20260923T0937,GMP,09:35,1159,251,180,1242,1,2,1,1
20260923T0937,PUS,09:35,198,148,120,1457,1,1,1,1
20260923T0937,TAE,09:35,940,366,180,1200,1,3,1,2
20260923T1007,CJJ,10:05,0,0,180,0,1,1,1,1
20260923T1007,CJU,10:05,1255,77,300,1572,1,1,1,1
20260923T1007,GMP,10:05,1687,227,180,1160,1,2,1,1
20260923T1007,PUS,10:05,630,162,120,860,1,1,1,1
20260923T1007,TAE,10:05,2209,185,180,1200,1,2,1,1
20260923T1037,CJJ,10:35,2937,211,180,1200,2,2,1,2
20260923T1037,CJU,10:35,314,174,300,1231,1,1,1,1
20260923T1037,GMP,10:35,1996,444,180,786,1,3,1,2
20260923T1037,PUS,10:35,748,131,120,884,1,1,1,1
20260923T1037,TAE,10:35,1853,368,180,1200,1,3,1,2
20260923T1107,CJJ,11:05,1553,163,180,1200,2,1,1,1
20260923T1107,CJU,11:05,290,126,300,1030,1,1,1,1
20260923T1107,GMP,11:05,967,254,180,1238,1,2,1,1
20260923T1107,PUS,11:05,1066,233,120,674,1,2,1,1
20260923T1107,TAE,11:05,422,197,180,1200,1,2,1,1
20260923T1137,CJJ,11:35,0,0,180,0,3,1,1,2
20260923T1137,CJU,11:35,653,177,300,1153,1,1,1,2
20260923T1137,GMP,11:35,427,190,180,1519,1,2,1,1
20260923T1137,PUS,11:35,944,671,120,1226,1,4,1,2
20260923T1137,TAE,11:35,2018,187,180,982,1,2,1,1
20260923T1207,CJJ,12:05,1278,776,180,1200,2,4,1,2
20260923T1207,CJU,12:05,894,224,300,1255,1,2,1,2
20260923T1207,GMP,12:05,799,245,180,1180,1,2,1,1
20260923T1207,PUS,12:05,1350,411,120,807,1,3,1,2
20260923T1207,TAE,12:05,2347,88,180,1200,1,1,1,1
20260923T1237,CJJ,12:35,1359,126,180,1200,1,1,1,2
20260923T1237,CJU,12:35,534,121,300,844,1,1,1,2
20260923T1237,GMP,12:35,1433,260,180,1440,1,2,1,1
20260923T1237,PUS,12:35,189,171,120,1225,1,1,1,1
20260923T1237,TAE,12:35,701,97,180,1200,1,1,1,1
20260923T1307,CJJ,13:05,0,0,180,1253,1,1,1,1
20260923T1307,CJU,13:05,708,134,300,1409,1,1,1,2
20260923T1307,GMP,13:05,971,271,180,1341,1,2,1,1
20260923T1307,PUS,13:05,645,146,120,749,1,1,1,1
20260923T1307,TAE,13:05,1228,111,180,1200,1,1,1,1
20260923T1337,CJJ,13:35,2783,256,180,1200,2,2,1,2
20260923T1337,CJU,13:35,933,453,300,1819,1,3,1,2
20260923T1337,GMP,13:35,1275,240,180,1271,1,2,1,1
20260923T1337,PUS,13:35,1760,373,120,846,1,3,1,2
20260923T1337,TAE,13:35,935,182,180,1200,1,2,1,1
20260923T1407,CJJ,14:05,3207,239,180,1200,1,2,1,2
20260923T1407,CJU,14:05,751,149,300,2027,1,1,1,2
20260923T1407,GMP,14:05,1294,256,180,1450,1,2,1,1
20260923T1407,PUS,14:05,1379,521,120,1139,1,3,1,2
20260923T1407,TAE,14:05,0,0,180,0,1,1,1,1
20260923T1437,CJJ,14:35,0,0,180,1142,1,1,1,1
20260923T1437,CJU,14:35,387,163,300,1184,1,1,1,2
20260923T1437,GMP,14:35,960,260,180,1241,1,2,1,1
20260923T1437,PUS,14:35,629,201,120,912,1,2,1,1
20260923T1437,TAE,14:35,805,96,180,1200,1,1,1,1
20260923T1507,CJJ,15:05,0,0,180,0,1,1,1,1
20260923T1507,CJU,15:05,354,136,300,1359,1,1,1,2
20260923T1507,GMP,15:05,1001,263,180,1155,1,2,1,1
20260923T1507,PUS,15:05,260,133,120,1115,1,1,1,1
20260923T1507,TAE,15:05,117,147,180,1200,1,1,1,1
20260923T1537,CJJ,15:35,1187,0,180,1200,2,1,1,1
20260923T1537,CJU,15:35,379,95,300,1402,1,1,1,2
20260923T1537,GMP,15:35,405,192,180,1254,1,2,1,1
20260923T1537,PUS,15:35,905,138,120,824,1,1,1,1
20260923T1537,TAE,15:35,2619,109,180,1200,1,1,1,1
20260923T1607,CJJ,16:05,1452,190,180,1200,1,2,1,1
20260923T1607,CJU,16:05,777,160,300,1302,1,1,1,2
20260923T1607,GMP,16:05,1209,242,180,1241,1,2,1,1
20260923T1607,PUS,16:05,1448,112,120,929,1,1,1,1
20260923T1607,TAE,16:05,0,101,180,0,1,1,1,1
20260923T1637,CJJ,16:35,850,210,180,863,2,2,1,2
20260923T1637,CJU,16:35,323,156,300,1361,1,1,1,2
20260923T1637,GMP,16:35,472,248,180,1661,1,2,1,1
20260923T1637,PUS,16:35,647,167,120,1010,1,1,1,1
20260923T1637,TAE,16:35,0,0,180,0,1,1,1,1
20260923T1707,CJJ,17:05,2097,186,180,1200,1,2,1,1
20260923T1707,CJU,17:05,440,188,300,974,1,2,1,2
20260923T1707,GMP,17:05,530,237,180,1110,1,2,1,1
20260923T1707,PUS,17:05,812,199,120,908,1,2,1,1
20260923T1707,TAE,17:05,256,119,180,1200,1,1,1,1
20260923T1737,CJJ,17:35,0,0,180,0,1,1,1,1
20260923T1737,CJU,17:35,694,274,300,1591,1,2,1,2
20260923T1737,GMP,17:35,1185,216,180,1390,1,2,1,1
20260923T1737,PUS,17:35,705,117,120,815,1,1,1,1
20260923T1737,TAE,17:35,2079,287,180,1200,1,2,1,1
20260923T1807,CJJ,18:05,3233,186,180,1200,2,2,1,2
20260923T1807,CJU,18:05,399,121,300,1177,1,1,1,1
20260923T1807,GMP,18:05,1240,210,180,1009,1,2,1,1
20260923T1807,PUS,18:05,1113,154,120,1262,1,1,1,1
20260923T1807,TAE,18:05,879,537,180,1200,1,3,1,2
20260923T1837,CJJ,18:35,1002,237,180,1200,1,2,1,2
20260923T1837,CJU,18:35,1307,118,300,1858,1,1,1,1
20260923T1837,GMP,18:35,1401,455,180,1022,1,3,1,2
20260923T1837,PUS,18:35,703,132,120,935,2,1,1,1
20260923T1837,TAE,18:35,2718,119,180,1200,1,1,1,1
20260923T1907,CJJ,19:05,1842,289,180,871,3,2,1,2
20260923T1907,CJU,19:05,435,134,300,1203,1,1,1,1
20260923T1907,GMP,19:05,386,219,180,1103,1,2,1,1
20260923T1907,PUS,19:05,1092,126,120,724,1,1,1,1
20260923T1907,TAE,19:05,752,129,180,1200,1,1,1,1
20260923T1937,CJJ,19:35,1344,230,180,898,1,2,1,1
20260923T1937,CJU,19:35,2030,177,300,870,1,1,1,2
20260923T1937,GMP,19:35,3292,147,180,1723,1,1,1,1
20260923T1937,PUS,19:35,184,190,120,1629,1,2,1,1
20260923T1937,TAE,19:35,1158,113,180,998,1,1,1,1
20260923T2007,CJU,20:05,449,114,300,1416,1,1,1,2
20260923T2007,GMP,20:05,2077,152,180,1035,1,1,1,1
20260923T2007,PUS,20:05,65,256,120,809,1,2,1,1
20260923T2037,CJU,20:35,731,126,300,1116,1,1,1,2
20260923T2037,GMP,20:35,794,904,180,871,1,4,1,2
20260923T2037,PUS,20:35,2256,303,120,1246,1,3,1,2
20260923T2107,CJU,21:05,653,200,300,1197,1,2,1,1
20260923T2107,GMP,21:05,0,0,180,0,1,1,1,1
20260923T2107,PUS,21:05,3490,72,120,769,1,1,1,1
20260924T0637,CJU,06:35,229,72,300,1113,1,1,1,1
20260924T0637,GMP,06:35,637,279,180,1142,2,2,1,2
20260924T0707,CJJ,07:05,1742,232,180,1200,1,2,1,1
20260924T0707,CJU,07:05,311,125,300,1233,1,1,1,1
20260924T0707,GMP,07:05,2893,243,180,1678,1,2,1,1
20260924T0707,PUS,07:05,1342,314,120,1106,2,3,1,3
20260924T0737,CJJ,07:35,487,220,180,1200,2,2,1,2
20260924T0737,CJU,07:35,136,97,300,1509,1,1,1,2
20260924T0737,GMP,07:35,863,247,180,1145,1,2,1,1
20260924T0737,PUS,07:35,1660,177,120,1365,1,1,1,1
20260924T0737,TAE,07:35,113,153,180,1200,1,1,1,1
20260924T0807,CJJ,08:05,852,191,180,1162,2,2,1,2
20260924T0807,CJU,08:05,819,232,300,1323,1,2,1,2
20260924T0807,GMP,08:05,216,203,180,727,1,2,1,1
20260924T0807,PUS,08:05,911,144,120,1374,1,1,1,1
20260924T0807,TAE,08:05,376,182,180,1200,1,2,1,1
20260924T0837,CJJ,08:35,1779,640,180,1200,2,4,1,2
20260924T0837,CJU,08:35,443,164,300,1406,1,1,1,2
20260924T0837,GMP,08:35,1040,292,180,1081,1,2,1,1
20260924T0837,PUS,08:35,257,167,120,1851,1,1,1,1
20260924T0837,TAE,08:35,1277,162,180,1200,2,1,1,1
20260924T0907,CJJ,09:05,1858,340,180,1200,1,3,1,2
20260924T0907,CJU,09:05,304,241,300,1409,1,2,1,2
20260924T0907,GMP,09:05,1534,168,180,2015,1,1,1,1
20260924T0907,PUS,09:05,520,233,120,1272,1,2,1,1
20260924T0907,TAE,09:05,2334,198,180,1200,1,2,1,1
20260924T0937,CJJ,09:35,1828,228,180,1200,2,2,1,2
20260924T0937,CJU,09:35,530,191,300,1218,1,2,1,2
20260924T0937,GMP,09:35,1217,206,180,1087,1,2,1,1
20260924T0937,PUS,09:35,1453,182,120,1792,1,2,1,1
20260924T0937,TAE,09:35,1175,198,180,1200,1,2,1,2
20260924T1007,CJJ,10:05,0,0,180,1054,2,1,1,1
20260924T1007,CJU,10:05,266,168,300,1528,1,1,1,2
20260924T1007,GMP,10:05,445,219,180,1350,2,2,1,2
20260924T1007,PUS,10:05,841,182,120,634,2,2,1,2
20260924T1007,TAE,10:05,3155,367,180,1200,1,3,1,2
20260924T1037,CJJ,10:35,1211,210,180,1200,2,2,1,2
20260924T1037,CJU,10:35,163,170,300,1058,1,1,1,2
20260924T1037,GMP,10:35,735,239,180,1111,1,2,1,1
20260924T1037,PUS,10:35,1103,177,120,921,2,1,1,1
20260924T1037,TAE,10:35,810,448,180,1200,1,3,1,2
20260924T1107,CJJ,11:05,1181,491,180,1200,2,3,1,3
20260924T1107,CJU,11:05,593,278,300,1254,1,2,1,2
20260924T1107,GMP,11:05,2523,228,180,1366,1,2,1,1
20260924T1107,PUS,11:05,1186,170,120,766,2,1,1,1
20260924T1107,TAE,11:05,0,0,180,0,1,1,1,1
20260924T1137,CJJ,11:35,1099,232,180,734,3,2,1,2
20260924T1137,CJU,11:35,1267,183,300,1432,1,2,1,2
20260924T1137,GMP,11:35,1590,185,180,1495,1,2,1,1
20260924T1137,PUS,11:35,1092,138,120,835,2,1,1,1
20260924T1137,TAE,11:35,255,124,180,1200,1,1,1,1
20260924T1207,CJJ,12:05,529,138,180,1200,2,1,1,1
20260924T1207,CJU,12:05,566,146,300,1262,1,1,1,2
20260924T1207,GMP,12:05,1519,305,180,1443,1,3,1,2
20260924T1207,PUS,12:05,2194,245,120,759,1,2,1,1
20260924T1207,TAE,12:05,3089,210,180,1200,1,2,1,1
20260924T1237,CJJ,12:35,1432,437,180,1200,1,3,1,2
20260924T1237,CJU,12:35,392,151,300,1263,1,1,1,2
20260924T1237,GMP,12:35,1304,354,180,1119,1,3,1,2
20260924T1237,PUS,12:35,1898,203,120,1192,1,2,1,1
20260924T1237,TAE,12:35,790,179,180,1200,1,1,1,1
20260924T1307,CJJ,13:05,0,0,180,880,2,1,1,1
20260924T1307,CJU,13:05,1237,117,300,1354,1,1,1,2
20260924T1307,GMP,13:05,2245,203,180,1127,1,2,1,1
20260924T1307,PUS,13:05,896,311,120,1067,1,3,1,2
20260924T1307,TAE,13:05,212,118,180,1200,1,1,1,1
20260924T1337,CJJ,13:35,1845,257,180,1200,1,2,1,1
20260924T1337,CJU,13:35,414,216,300,1120,1,2,1,2
20260924T1337,GMP,13:35,966,319,180,1214,1,3,1,2
20260924T1337,PUS,13:35,7,356,120,1095,1,3,1,2
20260924T1337,TAE,13:35,1754,141,180,1200,1,1,1,1
20260924T1407,CJJ,14:05,3325,261,180,1200,1,2,1,1
20260924T1407,CJU,14:05,1218,211,300,1824,1,2,1,2
20260924T1407,GMP,14:05,1664,142,180,1236,1,1,1,1
20260924T1407,PUS,14:05,1454,154,120,792,1,1,1,1
20260924T1407,TAE,14:05,0,0,180,0,1,1,1,1
20260924T1437,CJJ,14:35,3271,122,180,827,2,1,1,1
20260924T1437,CJU,14:35,345,155,300,1175,1,1,1,2
20260924T1437,GMP,14:35,876,105,180,1007,1,1,1,1
20260924T1437,PUS,14:35,775,168,120,1007,1,1,1,1
20260924T1437,TAE,14:35,2138,207,180,1200,1,2,1,1
20260924T1507,CJJ,15:05,0,0,180,0,2,1,1,1
20260924T1507,CJU,15:05,375,100,300,1218,1,1,1,2
20260924T1507,GMP,15:05,330,143,180,1510,1,1,1,1
20260924T1507,PUS,15:05,1066,155,120,934,1,1,1,1
20260924T1507,TAE,15:05,70,349,180,1200,1,3,1,2
20260924T1537,CJJ,15:35,1780,0,180,1200,1,1,1,1
20260924T1537,CJU,15:35,672,146,300,1291,1,1,1,2
20260924T1537,GMP,15:35,1572,232,180,1134,1,2,1,1
20260924T1537,PUS,15:35,764,125,120,753,1,1,1,1
20260924T1537,TAE,15:35,3092,99,180,1200,1,1,1,1
20260924T1607,CJJ,16:05,1174,414,180,1200,1,3,1,2
20260924T1607,CJU,16:05,870,187,300,1227,1,2,1,2
20260924T1607,GMP,16:05,775,146,180,1160,1,1,1,1
20260924T1607,PUS,16:05,630,231,120,1424,1,2,1,1
20260924T1607,TAE,16:05,0,0,180,1110,1,1,1,1
20260924T1637,CJJ,16:35,874,173,180,1200,2,1,1,1
20260924T1637,CJU,16:35,690,205,300,1384,1,2,1,2
20260924T1637,GMP,16:35,767,120,180,1424,1,1,1,1
20260924T1637,PUS,16:35,636,213,120,1271,1,2,1,1
20260924T1637,TAE,16:35,745,152,180,1200,1,1,1,1
20260924T1707,CJJ,17:05,2491,734,180,1200,2,4,1,2
20260924T1707,CJU,17:05,319,103,300,895,1,1,1,2
20260924T1707,GMP,17:05,763,210,180,1171,1,2,1,1
20260924T1707,PUS,17:05,153,130,120,1184,1,1,1,1
20260924T1707,TAE,17:05,1883,125,180,1200,1,1,1,1
20260924T1737,CJJ,17:35,0,0,180,0,2,1,1,1
20260924T1737,CJU,17:35,666,153,300,1190,1,1,1,1
20260924T1737,GMP,17:35,1095,234,180,1318,2,2,1,2
20260924T1737,PUS,17:35,1072,305,120,926,1,3,1,2
20260924T1737,TAE,17:35,2838,97,180,1200,1,1,1,1
20260924T1807,CJJ,18:05,1443,669,180,1200,2,4,1,2
20260924T1807,CJU,18:05,461,125,300,1409,1,1,1,1
20260924T1807,GMP,18:05,1189,246,180,1303,1,2,1,1
20260924T1807,PUS,18:05,1604,184,120,1037,1,2,1,1
20260924T1807,TAE,18:05,163,124,180,1150,1,1,1,1
20260924T1837,CJJ,18:35,422,359,180,1200,2,3,1,3
20260924T1837,CJU,18:35,309,161,300,1451,1,1,1,1
20260924T1837,GMP,18:35,1450,322,180,1421,1,3,1,2
20260924T1837,PUS,18:35,1433,156,120,844,1,1,1,1
20260924T1837,TAE,18:35,1277,262,180,1200,1,2,1,1
20260924T1907,CJJ,19:05,782,277,180,1304,2,2,1,2
20260924T1907,CJU,19:05,549,146,300,854,1,1,1,1
20260924T1907,GMP,19:05,1995,128,180,1531,1,1,1,1
20260924T1907,PUS,19:05,106,139,120,891,2,1,1,1
20260924T1907,TAE,19:05,1577,138,180,1200,1,1,1,1
20260924T1937,CJJ,19:35,1629,257,180,908,1,2,1,1
20260924T1937,CJU,19:35,615,92,300,1369,1,1,1,1
20260924T1937,GMP,19:35,677,179,180,1468,1,1,1,1
20260924T1937,PUS,19:35,1088,317,120,1182,1,3,1,2
20260924T1937,TAE,19:35,0,0,180,0,1,1,1,1
20260924T2007,CJU,20:05,1563,92,300,945,1,1,1,1
20260924T2007,GMP,20:05,66,203,180,1109,1,2,1,1
20260924T2007,PUS,20:05,376,232,120,743,1,2,1,1
20260924T2037,CJU,20:35,836,209,300,1154,1,2,1,1
20260924T2037,GMP,20:35,3044,86,180,1128,1,1,1,1
20260924T2037,PUS,20:35,3450,132,120,1154,1,1,1,1
20260924T2107,CJU,21:05,1452,176,300,1344,1,1,1,1
20260924T2107,GMP,21:05,0,0,180,0,1,1,1,1
20260924T2107,PUS,21:05,100,349,120,1067,1,3,1,2
20260925T0637,CJU,06:35,74,146,300,787,1,1,1,1
20260925T0637,GMP,06:35,656,282,180,1459,1,2,1,1
20260925T0707,CJJ,07:05,1202,369,180,1200,2,3,1,2
20260925T0707,CJU,07:05,317,304,300,1118,1,3,1,2
20260925T0707,GMP,07:05,620,231,180,1489,1,2,1,1
20260925T0707,PUS,07:05,1200,321,120,1140,1,3,1,2
20260925T0737,CJJ,07:35,1506,588,180,1200,1,3,1,2
20260925T0737,CJU,07:35,460,285,300,1282,1,2,1,1
20260925T0737,GMP,07:35,539,202,180,1310,1,2,1,1
20260925T0737,PUS,07:35,1756,234,120,1650,1,2,1,2
20260925T0737,TAE,07:35,68,169,180,1200,1,1,1,1
20260925T0807,CJJ,08:05,0,0,180,0,1,1,1,1
20260925T0807,CJU,08:05,776,128,300,1167,1,1,1,2
20260925T0807,GMP,08:05,1565,203,180,2189,1,2,1,1
20260925T0807,PUS,08:05,1969,262,120,1221,1,2,1,1
20260925T0807,TAE,08:05,2555,204,180,1200,1,2,1,1
20260925T0837,CJJ,08:35,671,394,180,1200,2,3,1,2
20260925T0837,CJU,08:35,55,210,300,1182,1,2,1,2
20260925T0837,GMP,08:35,1333,216,180,1165,1,2,1,1
20260925T0837,PUS,08:35,326,168,120,2616,1,1,1,1
20260925T0837,TAE,08:35,680,173,180,1997,1,1,1,1
20260925T0907,CJJ,09:05,1780,276,180,1200,1,2,1,1
20260925T0907,CJU,09:05,1529,137,300,1184,1,1,1,2
20260925T0907,GMP,09:05,1104,219,180,1368,1,2,1,1
20260925T0907,PUS,09:05,52,127,120,938,1,1,1,1
20260925T0907,TAE,09:05,1259,380,180,1200,1,3,1,2
20260925T0937,CJJ,09:35,2030,302,180,1002,1,3,1,2
20260925T0937,CJU,09:35,272,125,300,892,1,1,1,1
20260925T0937,GMP,09:35,1016,271,180,1393,1,2,1,1
20260925T0937,PUS,09:35,36,192,120,1813,1,2,1,1
20260925T0937,TAE,09:35,1218,432,180,1200,1,3,1,2
20260925T1007,CJJ,10:05,0,242,180,0,1,2,1,1
20260925T1007,CJU,10:05,671,108,300,1377,1,1,1,1
20260925T1007,GMP,10:05,640,237,180,970,1,2,1,1
20260925T1007,PUS,10:05,1043,165,120,1016,1,1,1,1
20260925T1007,TAE,10:05,1213,156,180,1200,1,1,1,1
20260925T1037,CJJ,10:35,2856,291,180,1200,1,2,1,1
20260925T1037,CJU,10:35,665,284,300,852,1,2,1,1
20260925T1037,GMP,10:35,839,344,180,1050,1,3,1,2
20260925T1037,PUS,10:35,912,181,120,1028,1,2,1,1
20260925T1037,TAE,10:35,2585,460,180,1200,1,3,1,2
20260925T1107,CJJ,11:05,2719,217,180,1200,1,2,1,1
20260925T1107,CJU,11:05,646,163,300,1163,1,1,1,1
20260925T1107,GMP,11:05,1031,171,180,1607,1,1,1,1
20260925T1107,PUS,11:05,721,180,120,683,1,2,1,1
20260925T1107,TAE,11:05,1373,1242,180,1200,1,4,1,2
20260925T1137,CJJ,11:35,0,0,180,0,2,1,1,1
20260925T1137,CJU,11:35,273,278,300,1159,1,2,1,2
20260925T1137,GMP,11:35,1720,226,180,1563,1,2,1,1
20260925T1137,PUS,11:35,985,146,120,942,1,1,1,1
20260925T1137,TAE,11:35,2139,326,180,1200,1,3,1,2
20260925T1207,CJJ,12:05,1866,216,180,1200,2,2,1,2
20260925T1237,CJJ,12:35,1747,188,180,1200,1,2,1,2
20260925T1237,CJU,12:35,497,272,300,1420,1,2,1,2
20260925T1237,GMP,12:35,1714,475,180,1197,1,3,1,2
20260925T1237,PUS,12:35,1304,115,120,1046,1,1,1,1
20260925T1237,TAE,12:35,1051,344,180,1200,1,3,1,2
20260925T1307,CJJ,13:05,0,373,180,1170,1,3,1,2
20260925T1307,CJU,13:05,582,110,300,1489,1,1,1,2
20260925T1307,GMP,13:05,556,186,180,1295,1,2,1,1
20260925T1307,PUS,13:05,1315,166,120,741,1,1,1,1
20260925T1307,TAE,13:05,373,157,180,1200,1,1,1,1
20260925T1337,CJJ,13:35,569,233,180,1200,2,2,1,2
20260925T1337,CJU,13:35,691,134,300,939,1,1,1,2
20260925T1337,GMP,13:35,1118,165,180,1308,1,1,1,1
20260925T1337,PUS,13:35,515,152,120,1069,1,1,1,1
20260925T1337,TAE,13:35,3041,85,180,1200,1,1,1,1
20260925T1407,CJJ,14:05,1519,221,180,1200,1,2,1,2
20260925T1407,CJU,14:05,832,124,300,1251,1,1,1,2
20260925T1407,GMP,14:05,1031,238,180,1217,1,2,1,1
20260925T1407,PUS,14:05,460,203,120,1214,1,2,1,1
20260925T1407,TAE,14:05,0,0,180,0,1,1,1,1
20260925T1437,CJJ,14:35,0,0,180,1468,1,1,1,1
20260925T1437,CJU,14:35,695,149,300,1094,1,1,1,2
20260925T1437,GMP,14:35,1464,253,180,1227,1,2,1,1
20260925T1437,PUS,14:35,1211,164,120,732,1,1,1,1
20260925T1437,TAE,14:35,0,0,180,0,1,1,1,1
20260925T1507,CJJ,15:05,0,0,180,0,2,1,1,1
20260925T1507,CJU,15:05,735,187,300,1109,1,2,1,2
20260925T1507,GMP,15:05,1351,327,180,1110,1,3,1,2
20260925T1507,PUS,15:05,568,189,120,1008,1,2,1,1
20260925T1507,TAE,15:05,1321,197,180,1200,1,2,1,1
20260925T1537,CJJ,15:35,1778,0,180,1200,2,1,1,1
20260925T1537,CJU,15:35,891,138,300,1307,1,1,1,2
20260925T1537,GMP,15:35,299,180,180,1151,1,2,1,1
20260925T1537,PUS,15:35,1004,179,120,1044,1,1,1,1
20260925T1537,TAE,15:35,74,156,180,1200,1,1,1,1
20260925T1607,CJJ,16:05,805,231,180,1200,2,2,1,2
20260925T1607,CJU,16:05,477,127,300,1251,1,1,1,2
20260925T1607,GMP,16:05,1302,224,180,1310,1,2,1,1
20260925T1607,PUS,16:05,671,162,120,643,1,1,1,1
20260925T1607,TAE,16:05,354,108,180,1200,1,1,1,1
20260925T1637,CJJ,16:35,620,194,180,1200,2,2,1,2
20260925T1637,CJU,16:35,510,195,300,1294,1,2,1,2
20260925T1637,GMP,16:35,1224,257,180,1753,1,2,1,1
20260925T1637,PUS,16:35,874,249,120,1905,1,2,1,1
20260925T1637,TAE,16:35,2312,304,180,1200,1,3,1,2
20260925T1707,CJJ,17:05,2472,204,180,939,1,2,1,1
20260925T1707,CJU,17:05,834,88,300,1183,1,1,1,2
20260925T1707,GMP,17:05,1823,159,180,926,1,1,1,1
20260925T1707,PUS,17:05,550,146,120,819,1,1,1,1
20260925T1707,TAE,17:05,1041,174,180,1200,1,1,1,1
20260925T1737,CJJ,17:35,0,0,180,0,1,1,1,1
20260925T1737,CJU,17:35,1318,146,300,1144,1,1,1,2
20260925T1737,GMP,17:35,506,198,180,1125,1,2,1,1
20260925T1737,PUS,17:35,1391,113,120,988,1,1,1,1
20260925T1737,TAE,17:35,1018,195,180,1200,1,2,1,1
20260925T1807,CJJ,18:05,2754,284,180,1200,1,2,1,1
20260925T1807,CJU,18:05,998,204,300,1945,1,2,1,2
20260925T1807,GMP,18:05,507,225,180,995,1,2,1,1
20260925T1807,PUS,18:05,437,164,120,1488,1,1,1,1
20260925T1807,TAE,18:05,577,105,180,1200,1,1,1,1
20260925T1837,CJJ,18:35,75,199,180,1200,2,2,1,2
20260925T1837,CJU,18:35,544,114,300,1025,1,1,1,2
20260925T1837,GMP,18:35,388,212,180,941,1,2,1,1
20260925T1837,PUS,18:35,1065,225,120,891,1,2,1,1
20260925T1837,TAE,18:35,269,189,180,1200,1,2,1,1
20260925T1907,CJJ,19:05,1136,508,180,1200,2,3,1,2
20260925T1907,CJU,19:05,764,292,300,1631,1,2,1,2
20260925T1907,GMP,19:05,2060,128,180,928,1,1,1,1
20260925T1907,PUS,19:05,410,128,120,1373,1,1,1,1
20260925T1907,TAE,19:05,2012,214,180,1200,1,2,1,1
20260925T1937,CJJ,19:35,1648,379,180,1200,2,3,1,2
20260925T1937,CJU,19:35,615,266,300,1339,1,2,1,2
20260925T1937,GMP,19:35,1527,131,180,1181,1,1,1,1
20260925T1937,PUS,19:35,86,114,120,1035,1,1,1,1
20260925T1937,TAE,19:35,2336,567,180,1200,1,3,1,2
20260925T2007,CJU,20:05,675,186,300,1400,1,2,1,2
20260925T2007,GMP,20:05,2461,128,180,1096,1,1,1,1
20260925T2007,PUS,20:05,1184,129,120,774,1,1,1,1
20260925T2037,CJU,20:35,655,118,300,1168,1,1,1,2
20260925T2037,GMP,20:35,1258,156,180,966,1,1,1,1
20260925T2037,PUS,20:35,49,242,120,1541,1,2,1,1
20260925T2107,CJU,21:05,529,201,300,1203,1,2,1,1
20260925T2107,GMP,21:05,0,0,180,1184,1,1,1,1
20260925T2107,PUS,21:05,1069,120,120,959,1,1,1,1
20260926T0637,CJU,06:35,2331,124,300,1039,1,1,1,1
20260926T0637,GMP,06:35,1750,160,180,1983,1,1,1,1
20260926T0707,CJJ,07:05,3170,456,180,1200,1,3,1,2
20260926T0707,CJU,07:05,4668,321,300,1155,1,3,1,2
20260926T0707,GMP,07:05,3997,323,180,1938,1,3,1,2
20260926T0707,PUS,07:05,269,259,120,987,1,2,1,2
20260926T0737,CJJ,07:35,1053,198,180,1200,3,2,1,2
20260926T0737,CJU,07:35,1300,232,300,1529,1,2,1,2
20260926T0737,GMP,07:35,1202,194,180,1229,1,2,1,1
20260926T0737,PUS,07:35,1275,204,120,1181,1,2,1,1
20260926T0737,TAE,07:35,75,176,180,1200,1,1,1,1
20260926T0807,CJJ,08:05,1417,163,180,1200,2,1,1,1
20260926T0807,CJU,08:05,1668,137,300,1078,1,1,1,2
20260926T0807,GMP,08:05,2787,253,180,1460,1,2,1,1
20260926T0807,PUS,08:05,1101,336,120,1010,1,3,1,2
20260926T0807,TAE,08:05,3081,502,180,1200,1,3,1,2
20260926T0837,CJJ,08:35,644,270,180,1200,2,2,1,2
20260926T0837,CJU,08:35,806,214,300,1317,1,2,1,2
20260926T0837,GMP,08:35,261,197,180,871,1,2,1,1
20260926T0837,PUS,08:35,197,218,120,1281,1,2,1,1
20260926T0837,TAE,08:35,1025,236,180,1200,1,2,1,1
20260926T0907,CJJ,09:05,2127,302,180,1200,1,3,1,2
20260926T0907,CJU,09:05,900,141,300,1565,1,1,1,2
20260926T0907,GMP,09:05,1387,241,180,884,1,2,1,1
20260926T0907,PUS,09:05,1736,297,120,1607,1,2,1,1
20260926T0907,TAE,09:05,740,193,180,1200,1,2,1,1
20260926T0937,CJJ,09:35,0,0,180,0,1,1,1,1
20260926T0937,CJU,09:35,1086,196,300,1311,1,2,1,2
20260926T0937,GMP,09:35,1397,188,180,1184,1,2,1,1
20260926T0937,PUS,09:35,710,261,120,1385,1,2,1,1
20260926T0937,TAE,09:35,1422,177,180,1200,1,1,1,1
20260926T1007,CJJ,10:05,0,0,180,0,1,1,1,1
20260926T1007,CJU,10:05,2051,203,300,1059,1,2,1,2
20260926T1007,GMP,10:05,1291,371,180,894,1,3,1,2
20260926T1007,PUS,10:05,310,418,120,638,1,3,1,2
20260926T1007,TAE,10:05,1526,362,180,1200,1,3,1,2
20260926T1037,CJJ,10:35,2793,184,180,1200,1,2,1,1
20260926T1037,CJU,10:35,2022,226,300,1277,1,2,1,2
20260926T1037,GMP,10:35,1868,204,180,2207,1,2,1,1
20260926T1037,PUS,10:35,2641,255,120,2358,1,2,1,1
20260926T1037,TAE,10:35,2691,117,180,1200,1,1,1,1
20260926T1107,CJJ,11:05,2009,386,180,1200,2,3,1,2
20260926T1107,CJU,11:05,376,173,300,1043,1,1,1,2
20260926T1107,GMP,11:05,1627,204,180,1784,1,2,1,1
20260926T1107,PUS,11:05,1984,143,120,917,1,1,1,1
20260926T1107,TAE,11:05,1512,459,180,1200,1,3,1,2
20260926T1137,CJJ,11:35,889,310,180,1200,2,3,1,2
20260926T1137,CJU,11:35,588,125,300,1327,1,1,1,2
20260926T1137,GMP,11:35,267,169,180,1202,1,1,1,1
20260926T1137,PUS,11:35,585,211,120,1188,1,2,1,1
20260926T1137,TAE,11:35,230,558,180,1200,1,3,1,2
20260926T1207,CJJ,12:05,137,194,180,1200,1,2,1,1
20260926T1207,CJU,12:05,1409,132,300,1296,1,1,1,2
20260926T1207,GMP,12:05,1378,202,180,1310,1,2,1,1
20260926T1207,PUS,12:05,799,313,120,974,1,3,1,2
20260926T1207,TAE,12:05,1338,152,180,626,1,1,1,1
20260926T1237,CJJ,12:35,2580,259,180,1200,1,2,1,1
20260926T1237,CJU,12:35,1309,178,300,1354,1,1,1,2
20260926T1237,GMP,12:35,1171,169,180,969,1,1,1,1
20260926T1237,PUS,12:35,1671,326,120,1106,1,3,1,2
20260926T1237,TAE,12:35,373,125,180,1200,1,1,1,1
20260926T1307,CJJ,13:05,396,275,180,1200,1,2,1,1
20260926T1307,CJU,13:05,748,176,300,1605,1,1,1,2
20260926T1307,GMP,13:05,1012,194,180,675,1,2,1,1
20260926T1307,PUS,13:05,661,226,120,1067,1,2,1,1
20260926T1307,TAE,13:05,500,123,180,1200,1,1,1,1
20260926T1337,CJJ,13:35,831,172,180,1200,1,1,1,1
20260926T1337,CJU,13:35,733,192,300,1109,1,2,1,2
20260926T1337,GMP,13:35,954,282,180,1256,1,2,1,1
20260926T1337,PUS,13:35,1646,178,120,796,1,1,1,1
20260926T1337,TAE,13:35,1794,117,180,949,1,1,1,1
20260926T1437,CJJ,14:35,658,114,180,1200,1,1,1,1
20260926T1437,CJU,14:35,1711,207,300,881,1,2,1,2
20260926T1437,GMP,14:35,1289,424,180,978,1,3,1,2
20260926T1437,PUS,14:35,953,146,120,857,1,1,1,1
20260926T1437,TAE,14:35,515,98,180,1200,1,1,1,1
20260926T1507,CJJ,15:05,153,153,180,1200,1,1,1,1
20260926T1507,CJU,15:05,1140,127,300,1419,1,1,1,2
20260926T1507,GMP,15:05,781,191,180,1255,1,2,1,1
20260926T1507,PUS,15:05,1067,114,120,1466,1,1,1,1
20260926T1507,TAE,15:05,96,129,180,1200,1,1,1,1
20260926T1537,CJJ,15:35,3491,175,180,1200,1,1,1,1
20260926T1537,CJU,15:35,850,211,300,910,1,2,1,2
20260926T1537,GMP,15:35,1470,131,180,1476,1,1,1,1
20260926T1537,PUS,15:35,642,175,120,945,1,1,1,1
20260926T1537,TAE,15:35,65,103,180,1200,1,1,1,1
20260926T1607,CJJ,16:05,362,185,180,1200,1,2,1,1
20260926T1607,CJU,16:05,1403,213,300,1475,1,2,1,2
20260926T1607,GMP,16:05,885,282,180,1372,1,2,1,1
20260926T1607,PUS,16:05,738,126,120,817,1,1,1,1
20260926T1607,TAE,16:05,2666,110,180,1200,1,1,1,1
20260926T1637,CJJ,16:35,315,383,180,1200,1,3,1,2
20260926T1637,CJU,16:35,979,218,300,1163,1,2,1,2
20260926T1637,GMP,16:35,238,143,180,982,1,1,1,1
20260926T1637,PUS,16:35,1050,160,120,1345,1,1,1,1
20260926T1637,TAE,16:35,1293,86,180,1200,1,1,1,1
20260926T1707,CJJ,17:05,742,136,180,1200,1,1,1,1
20260926T1707,CJU,17:05,642,185,300,1171,1,2,1,2
20260926T1707,GMP,17:05,656,246,180,901,1,2,1,1
20260926T1707,PUS,17:05,1319,149,120,890,1,1,1,1
20260926T1707,TAE,17:05,238,174,180,1200,1,1,1,1
20260926T1737,CJJ,17:35,1196,126,180,1200,1,1,1,1
20260926T1737,CJU,17:35,507,153,300,1761,1,1,1,2
20260926T1737,GMP,17:35,1398,388,180,1488,1,3,1,2
20260926T1737,PUS,17:35,811,161,120,1156,1,1,1,1
20260926T1737,TAE,17:35,1519,127,180,1200,1,1,1,1
20260926T1807,CJJ,18:05,92,429,180,871,1,3,1,2
20260926T1807,CJU,18:05,1007,95,300,1258,1,1,1,2
20260926T1807,GMP,18:05,803,206,180,1580,1,2,1,1
20260926T1807,PUS,18:05,1235,339,120,1740,1,3,1,2
20260926T1807,TAE,18:05,69,181,180,1200,1,2,1,1
20260926T1837,CJJ,18:35,96,197,180,1200,1,2,1,1
20260926T1837,CJU,18:35,541,106,300,1298,1,1,1,2
20260926T1837,GMP,18:35,1752,587,180,1095,1,3,1,2
20260926T1837,PUS,18:35,1578,349,120,1001,1,3,1,2
20260926T1837,TAE,18:35,1129,485,180,1200,1,3,1,2
20260926T1907,CJJ,19:05,317,269,180,1200,2,2,1,2
20260926T1907,CJU,19:05,1061,181,300,1028,1,2,1,2
20260926T1907,GMP,19:05,1354,227,180,875,1,2,1,1
20260926T1907,PUS,19:05,170,109,120,806,1,1,1,1
20260926T1907,TAE,19:05,832,705,180,1200,1,4,1,2
20260926T1937,CJJ,19:35,2206,139,180,1200,2,1,1,1
20260926T1937,CJU,19:35,625,117,300,1176,1,1,1,2
20260926T1937,GMP,19:35,789,113,180,1033,1,1,1,1
20260926T1937,PUS,19:35,1253,119,120,1236,1,1,1,1
20260926T1937,TAE,19:35,0,0,180,0,1,1,1,1
20260926T2007,CJU,20:05,2583,87,300,1237,1,1,1,2
20260926T2007,GMP,20:05,96,181,180,1098,1,2,1,1
20260926T2007,PUS,20:05,757,229,120,754,1,2,1,1
20260926T2037,CJU,20:35,1710,108,300,1398,1,1,1,2
20260926T2037,GMP,20:35,104,125,180,1182,1,1,1,1
20260926T2037,PUS,20:35,884,137,120,746,1,1,1,1
20260926T2107,CJU,21:05,2977,96,300,1208,1,1,1,1
20260926T2107,GMP,21:05,55,192,180,1064,1,2,1,1
20260926T2107,PUS,21:05,230,138,120,910,1,1,1,1
20260927T0637,CJU,06:35,715,89,300,949,1,1,1,1
20260927T0637,GMP,06:35,817,216,180,1240,1,2,1,1
20260927T0707,CJJ,07:05,604,165,180,1200,1,1,1,1
20260927T0707,CJU,07:05,1467,143,300,1109,1,1,1,1
20260927T0707,GMP,07:05,731,89,180,2028,1,1,1,1
20260927T0707,PUS,07:05,642,204,120,1584,1,2,1,2
20260927T0737,CJJ,07:35,1429,148,180,1200,2,1,1,1
20260927T0737,CJU,07:35,881,183,300,1434,1,2,1,2
20260927T0737,GMP,07:35,1752,242,180,1614,1,2,1,1
20260927T0737,PUS,07:35,1421,160,120,1245,1,1,1,1
20260927T0737,TAE,07:35,120,176,180,1200,1,1,1,1
20260927T0807,CJJ,08:05,830,178,180,1200,2,1,1,1
20260927T0807,CJU,08:05,1365,279,300,1331,1,2,1,2
20260927T0807,GMP,08:05,1154,122,180,1365,1,1,1,1
20260927T0807,PUS,08:05,285,154,120,1799,1,1,1,1
20260927T0807,TAE,08:05,854,169,180,1200,1,1,1,1
20260927T0837,CJJ,08:35,1501,177,180,1200,1,1,1,1
20260927T0837,CJU,08:35,1221,197,300,1433,1,2,1,2
20260927T0837,GMP,08:35,532,280,180,1087,1,2,1,1
20260927T0837,PUS,08:35,2172,142,120,1726,1,1,1,1
20260927T0837,TAE,08:35,2610,166,180,1200,1,1,1,1
20260927T0907,CJJ,09:05,413,370,180,1200,1,3,1,2
20260927T0907,CJU,09:05,838,124,300,1573,1,1,1,2
20260927T0907,GMP,09:05,859,271,180,1123,1,2,1,1
20260927T0907,PUS,09:05,664,136,120,1356,1,1,1,1
20260927T0907,TAE,09:05,1168,209,180,1200,1,2,1,1
20260927T0937,CJJ,09:35,1104,230,180,1200,1,2,1,1
20260927T0937,CJU,09:35,1079,140,300,1008,1,1,1,2
20260927T0937,GMP,09:35,1209,211,180,1459,1,2,1,1
20260927T0937,PUS,09:35,375,168,120,1189,1,1,1,1
20260927T0937,TAE,09:35,485,148,180,1200,1,1,1,1
20260927T1007,CJJ,10:05,146,293,180,1200,2,2,1,2
20260927T1007,CJU,10:05,806,141,300,1324,1,1,1,2
20260927T1007,GMP,10:05,754,246,180,1264,1,2,1,1
20260927T1007,PUS,10:05,124,158,120,1597,1,1,1,1
20260927T1007,TAE,10:05,876,564,180,1200,1,3,1,2
20260927T1037,CJJ,10:35,658,196,180,1200,1,2,1,1
20260927T1037,CJU,10:35,725,112,300,1127,1,1,1,2
20260927T1037,GMP,10:35,1731,254,180,1017,1,2,1,1
20260927T1037,PUS,10:35,1150,195,120,880,1,2,1,1
20260927T1037,TAE,10:35,2142,151,180,1588,1,1,1,1
20260927T1107,CJJ,11:05,1090,297,180,1200,2,2,1,2
20260927T1107,CJU,11:05,682,164,300,1425,1,1,1,2
20260927T1107,GMP,11:05,1663,178,180,1295,1,1,1,1
20260927T1107,PUS,11:05,1174,186,120,1234,1,2,1,1
20260927T1107,TAE,11:05,1074,174,180,1200,1,1,1,1
20260927T1137,CJJ,11:35,0,0,180,0,1,1,1,1
20260927T1137,CJU,11:35,941,161,300,1006,1,1,1,2
20260927T1137,GMP,11:35,788,286,180,828,1,2,1,1
20260927T1137,PUS,11:35,136,178,120,889,1,1,1,1
20260927T1137,TAE,11:35,1023,338,180,1200,1,3,1,2
20260927T1207,CJJ,12:05,985,160,180,1200,2,1,1,1
20260927T1207,CJU,12:05,1918,175,300,1407,1,1,1,2
20260927T1207,GMP,12:05,1479,262,180,1607,1,2,1,1
20260927T1207,PUS,12:05,693,278,120,2116,1,2,1,1
20260927T1207,TAE,12:05,210,102,180,1200,1,1,1,1
20260927T1237,CJJ,12:35,666,183,180,1200,2,2,1,2
20260927T1237,CJU,12:35,1030,292,300,1589,1,2,1,2
20260927T1237,GMP,12:35,1535,140,180,1170,1,1,1,1
20260927T1237,PUS,12:35,433,168,120,789,1,1,1,1
20260927T1237,TAE,12:35,109,88,180,1200,1,1,1,1
20260927T1307,CJJ,13:05,0,0,180,1505,1,1,1,1
20260927T1307,CJU,13:05,1103,85,300,1269,1,1,1,2
20260927T1307,GMP,13:05,1501,108,180,1130,1,1,1,1
20260927T1307,PUS,13:05,1343,146,120,1066,1,1,1,1
20260927T1307,TAE,13:05,1368,84,180,1200,1,1,1,1
20260927T1337,CJJ,13:35,564,180,180,1200,1,2,1,1
20260927T1337,CJU,13:35,593,168,300,1218,1,1,1,2
20260927T1337,GMP,13:35,945,96,180,1313,1,1,1,1
20260927T1337,PUS,13:35,263,298,120,1005,1,2,1,1
20260927T1337,TAE,13:35,1061,195,180,1200,1,2,1,1
20260927T1407,CJJ,14:05,2056,272,180,1200,1,2,1,1
20260927T1407,CJU,14:05,1364,100,300,1623,1,1,1,2
20260927T1407,GMP,14:05,751,181,180,1213,1,2,1,1
20260927T1407,PUS,14:05,845,195,120,1980,1,2,1,1
20260927T1407,TAE,14:05,0,0,180,0,1,1,1,1
20260927T1437,CJJ,14:35,395,321,180,1229,1,3,1,2
20260927T1437,CJU,14:35,1402,147,300,1063,1,1,1,2
20260927T1437,GMP,14:35,725,116,180,1264,1,1,1,1
20260927T1437,PUS,14:35,155,158,120,1361,1,1,1,1
20260927T1437,TAE,14:35,3594,113,180,1200,1,1,1,1
20260927T1507,CJJ,15:05,0,0,180,1145,1,1,1,1
20260927T1507,CJU,15:05,341,116,300,1361,1,1,1,2
20260927T1507,GMP,15:05,622,242,180,1590,1,2,1,1
20260927T1507,PUS,15:05,364,160,120,1385,1,1,1,1
20260927T1507,TAE,15:05,71,105,180,1200,1,1,1,1
20260927T1537,CJJ,15:35,1533,190,180,1200,1,2,1,1
20260927T1537,CJU,15:35,548,170,300,1204,1,1,1,2
20260927T1537,GMP,15:35,1523,125,180,1192,1,1,1,1
20260927T1537,PUS,15:35,277,125,120,1285,1,1,1,1
20260927T1537,TAE,15:35,1905,77,180,1200,1,1,1,1
20260927T1607,CJJ,16:05,772,208,180,1200,1,2,1,1
20260927T1607,CJU,16:05,560,102,300,1481,1,1,1,2
20260927T1607,GMP,16:05,914,224,180,1043,1,2,1,1
20260927T1607,PUS,16:05,151,133,120,1205,1,1,1,1
20260927T1607,TAE,16:05,0,0,180,0,1,1,1,1
20260927T1637,CJJ,16:35,1009,202,180,1200,1,2,1,1
20260927T1637,CJU,16:35,985,102,300,1969,1,1,1,2
20260927T1637,GMP,16:35,682,207,180,1468,1,2,1,1
20260927T1637,PUS,16:35,719,290,120,1470,1,2,1,1
20260927T1637,TAE,16:35,0,0,180,1200,2,1,1,1
20260927T1707,CJJ,17:05,1038,129,180,1200,1,1,1,1
20260927T1707,CJU,17:05,964,140,300,1412,1,1,1,2
20260927T1707,GMP,17:05,977,199,180,1548,1,2,1,1
20260927T1707,PUS,17:05,162,144,120,976,1,1,1,1
20260927T1707,TAE,17:05,199,112,180,1200,1,1,1,1
20260927T1737,CJJ,17:35,0,0,180,0,1,1,1,1
20260927T1737,CJU,17:35,848,108,300,1405,1,1,1,2
20260927T1737,GMP,17:35,879,333,180,1123,1,3,1,2
20260927T1737,PUS,17:35,504,180,120,1271,1,2,1,1
20260927T1737,TAE,17:35,3188,182,180,1200,1,2,1,1
20260927T1807,CJJ,18:05,1002,449,180,1200,1,3,1,2
20260927T1807,CJU,18:05,727,117,300,1228,1,1,1,2
20260927T1807,GMP,18:05,501,168,180,1384,1,1,1,1
20260927T1807,PUS,18:05,247,182,120,697,1,2,1,1
20260927T1807,TAE,18:05,580,155,180,1200,1,1,1,1
20260927T1837,CJJ,18:35,735,193,180,1200,2,2,1,2
20260927T1837,CJU,18:35,567,189,300,1164,1,2,1,2
20260927T1837,GMP,18:35,1052,347,180,890,1,3,1,2
20260927T1837,PUS,18:35,747,175,120,769,1,1,1,1
20260927T1837,TAE,18:35,2527,490,180,1200,1,3,1,2
20260927T1907,CJJ,19:05,1701,327,180,1200,2,3,1,2
20260927T1907,CJU,19:05,870,162,300,1702,1,1,1,2
20260927T1907,GMP,19:05,724,141,180,1198,1,1,1,1
20260927T1907,PUS,19:05,967,304,120,783,1,3,1,2
20260927T1907,TAE,19:05,373,585,180,1200,1,3,1,2
20260927T1937,CJJ,19:35,537,141,180,1200,2,1,1,2
20260927T1937,CJU,19:35,957,195,300,1430,1,2,1,2
20260927T1937,GMP,19:35,596,264,180,1161,1,2,1,1
20260927T1937,PUS,19:35,241,140,120,1384,1,1,1,1
20260927T1937,TAE,19:35,0,124,180,1060,1,1,1,1
20260927T2007,CJU,20:05,787,250,300,1018,1,2,1,2
20260927T2007,GMP,20:05,51,161,180,1860,1,1,1,1
20260927T2007,PUS,20:05,666,169,120,706,1,1,1,1
20260927T2037,CJU,20:35,988,140,300,1111,1,1,1,2
20260927T2037,GMP,20:35,1230,124,180,1055,1,1,1,1
20260927T2037,PUS,20:35,1512,287,120,1287,1,2,1,1
20260927T2107,CJU,21:05,2448,106,300,1459,1,1,1,1
20260927T2107,GMP,21:05,0,0,180,0,1,1,1,1
20260927T2107,PUS,21:05,1512,137,120,1397,1,1,1,1
20260928T0637,CJU,06:35,181,116,300,722,1,1,1,1
20260928T0637,GMP,06:35,543,299,180,1273,1,2,1,1
20260928T0707,CJJ,07:05,1482,206,180,1200,2,2,1,2
20260928T0707,CJU,07:05,1357,113,300,939,1,1,1,1
20260928T0707,GMP,07:05,1354,292,180,1686,1,2,1,1
20260928T0707,PUS,07:05,1593,490,120,1545,1,3,1,2
20260928T0737,CJJ,07:35,801,330,180,1200,1,3,1,2
20260928T0737,CJU,07:35,178,379,300,1597,1,3,1,2
20260928T0737,GMP,07:35,451,331,180,1429,1,3,1,2
20260928T0737,PUS,07:35,958,565,120,1582,1,3,1,2
20260928T0737,TAE,07:35,176,150,180,1200,1,1,1,1
20260928T0807,CJJ,08:05,0,0,180,0,1,1,1,1
20260928T0807,CJU,08:05,797,130,300,1096,1,1,1,2
20260928T0807,GMP,08:05,1047,188,180,1473,1,2,1,1
20260928T0807,PUS,08:05,225,124,120,1128,1,1,1,1
20260928T0807,TAE,08:05,104,93,180,1200,1,1,1,1
20260928T0837,CJJ,08:35,110,200,180,1200,2,2,1,2
20260928T0837,CJU,08:35,681,112,300,1309,1,1,1,2
20260928T0837,GMP,08:35,1068,286,180,1140,1,2,1,1
20260928T0837,PUS,08:35,653,257,120,1368,1,2,1,1
20260928T0837,TAE,08:35,1427,104,180,1200,1,1,1,1
20260928T0907,CJJ,09:05,2548,427,180,1200,1,3,1,2
20260928T0907,CJU,09:05,500,313,300,1754,1,3,1,3
20260928T0907,GMP,09:05,2249,232,180,1437,1,2,1,1
20260928T0907,PUS,09:05,362,176,120,1510,1,1,1,1
20260928T0907,TAE,09:05,1000,132,180,1200,1,1,1,1
20260928T0937,CJJ,09:35,848,246,180,1200,1,2,1,1
20260928T0937,CJU,09:35,716,193,300,1492,1,2,1,2
20260928T0937,GMP,09:35,504,276,180,1096,1,2,1,1
20260928T0937,PUS,09:35,203,143,120,1353,1,1,1,1
20260928T0937,TAE,09:35,743,168,180,1200,1,1,1,1
20260928T1007,CJJ,10:05,0,349,180,0,2,3,1,2
20260928T1007,CJU,10:05,1045,148,300,1318,1,1,1,2
20260928T1007,GMP,10:05,1037,152,180,1331,1,1,1,1
20260928T1007,PUS,10:05,762,178,120,1499,1,1,1,1
20260928T1007,TAE,10:05,1151,504,180,815,1,3,1,2
20260928T1037,CJJ,10:35,431,244,180,1200,1,2,1,1
20260928T1037,CJU,10:35,483,229,300,1403,1,2,1,2
20260928T1037,GMP,10:35,851,248,180,953,1,2,1,1
20260928T1037,PUS,10:35,26,182,120,900,1,2,1,1
20260928T1037,TAE,10:35,207,114,180,1200,1,1,1,1
20260928T1107,CJJ,11:05,2164,532,180,1200,2,3,1,2
20260928T1107,CJU,11:05,582,121,300,1007,1,1,1,2
20260928T1107,GMP,11:05,261,191,180,1721,1,2,1,1
20260928T1107,PUS,11:05,1100,172,120,1625,1,1,1,1
20260928T1107,TAE,11:05,3589,249,180,1200,1,2,1,1
20260928T1137,CJJ,11:35,474,179,180,1200,2,1,1,1
20260928T1137,CJU,11:35,1240,116,300,1269,1,1,1,2
20260928T1137,GMP,11:35,861,309,180,992,1,3,1,2
20260928T1137,PUS,11:35,629,195,120,1515,1,2,1,1
20260928T1137,TAE,11:35,1847,211,180,1200,1,2,1,1
20260928T1207,CJJ,12:05,1035,185,180,1200,3,2,1,2
20260928T1207,CJU,12:05,613,102,300,1363,1,1,1,2
20260928T1207,GMP,12:05,635,357,180,1032,1,3,1,2
20260928T1207,PUS,12:05,738,181,120,1779,2,2,1,2
20260928T1207,TAE,12:05,871,265,180,1200,1,2,1,1
20260928T1237,CJJ,12:35,1358,357,180,1200,1,3,1,2
20260928T1237,CJU,12:35,1211,131,300,1034,1,1,1,2
20260928T1237,GMP,12:35,1414,273,180,810,1,2,1,1
20260928T1237,PUS,12:35,1207,203,120,1035,1,2,1,1
20260928T1237,TAE,12:35,1968,120,180,761,1,1,1,1
20260928T1307,CJJ,13:05,925,200,180,1002,1,2,1,1
20260928T1307,CJU,13:05,499,205,300,1200,1,2,1,2
20260928T1307,GMP,13:05,1733,364,180,871,1,3,1,2
20260928T1307,PUS,13:05,1619,276,120,1205,2,2,1,2
20260928T1307,TAE,13:05,280,140,180,1200,1,1,1,1
20260928T1337,CJJ,13:35,75,251,180,1200,1,2,1,1
20260928T1337,CJU,13:35,586,195,300,1276,1,2,1,2
20260928T1337,GMP,13:35,771,211,180,1378,1,2,1,1
20260928T1337,PUS,13:35,909,121,120,1172,1,1,1,1
20260928T1337,TAE,13:35,2538,247,180,1200,1,2,1,1
20260928T1407,CJJ,14:05,3259,417,180,1200,1,3,1,2
20260928T1407,CJU,14:05,599,174,300,1404,1,1,1,2
20260928T1407,GMP,14:05,2017,156,180,1038,1,1,1,1
20260928T1407,PUS,14:05,1668,127,120,1441,1,1,1,1
20260928T1407,TAE,14:05,0,0,180,0,1,1,1,1
20260928T1437,CJJ,14:35,2797,194,180,1200,1,2,1,1
20260928T1437,CJU,14:35,3642,151,300,1410,1,1,1,2
20260928T1437,GMP,14:35,3092,182,180,1256,1,2,1,1
20260928T1437,PUS,14:35,1080,172,120,1209,1,1,1,1
20260928T1437,TAE,14:35,303,115,180,1200,1,1,1,1
20260928T1507,CJJ,15:05,0,0,180,0,1,1,1,1
20260928T1507,CJU,15:05,467,82,300,1272,1,1,1,2
20260928T1507,GMP,15:05,319,209,180,938,1,2,1,1
20260928T1507,PUS,15:05,158,124,120,1172,1,1,1,1
20260928T1507,TAE,15:05,243,123,180,1200,1,1,1,1
20260928T1537,CJJ,15:35,1655,138,180,1200,1,1,1,1
20260928T1537,CJU,15:35,1757,157,300,1357,1,1,1,2
20260928T1537,GMP,15:35,1032,138,180,1364,1,1,1,1
20260928T1537,PUS,15:35,1202,173,120,1138,1,1,1,1
20260928T1537,TAE,15:35,978,109,180,1200,1,1,1,1
20260928T1607,CJJ,16:05,204,188,180,1200,2,2,1,2
20260928T1607,CJU,16:05,425,83,300,1548,1,1,1,2
20260928T1607,GMP,16:05,787,229,180,1307,1,2,1,1
20260928T1607,PUS,16:05,283,200,120,715,2,2,1,2
20260928T1607,TAE,16:05,0,0,180,0,1,1,1,1
20260928T1637,CJJ,16:35,769,220,180,1200,2,2,1,2
20260928T1637,CJU,16:35,504,138,300,2148,1,1,1,2
20260928T1637,GMP,16:35,945,276,180,1299,1,2,1,1
20260928T1637,PUS,16:35,879,360,120,668,1,3,1,2
20260928T1637,TAE,16:35,0,0,180,0,1,1,1,1
20260928T1707,CJJ,17:05,1089,152,180,1200,1,1,1,1
20260928T1707,CJU,17:05,1221,109,300,1467,1,1,1,2
20260928T1707,GMP,17:05,648,174,180,992,1,1,1,1
20260928T1707,PUS,17:05,1148,228,120,808,1,2,1,1
20260928T1707,TAE,17:05,542,100,180,1200,1,1,1,1
20260928T1737,CJJ,17:35,0,0,180,984,1,1,1,1
20260928T1737,CJU,17:35,699,148,300,1237,1,1,1,2
20260928T1737,GMP,17:35,1276,277,180,1032,1,2,1,1
20260928T1737,PUS,17:35,529,165,120,1057,1,1,1,1
20260928T1737,TAE,17:35,1515,97,180,1200,1,1,1,1
20260928T1807,CJJ,18:05,2163,250,180,1200,1,2,1,1
20260928T1807,CJU,18:05,734,165,300,1494,1,1,1,2
20260928T1807,GMP,18:05,1195,210,180,1202,1,2,1,1
20260928T1807,PUS,18:05,758,184,120,1890,1,2,1,1
20260928T1807,TAE,18:05,2690,402,180,1200,1,3,1,2
20260928T1837,CJJ,18:35,61,209,180,1200,2,2,1,2
20260928T1837,CJU,18:35,654,93,300,1172,1,1,1,2
20260928T1837,GMP,18:35,869,241,180,1371,1,2,1,1
20260928T1837,PUS,18:35,49,93,120,884,1,1,1,1
20260928T1837,TAE,18:35,796,134,180,1200,1,1,1,1
20260928T1907,CJJ,19:05,1224,127,180,1200,1,1,1,1
20260928T1907,CJU,19:05,1145,197,300,1010,1,2,1,2
20260928T1907,GMP,19:05,1485,202,180,914,1,2,1,1
20260928T1907,PUS,19:05,2418,125,120,866,1,1,1,1
20260928T1907,TAE,19:05,143,211,180,1200,1,2,1,1
20260928T1937,CJJ,19:35,242,114,180,1200,1,1,1,1
20260928T1937,CJU,19:35,664,197,300,1175,1,2,1,2
20260928T1937,GMP,19:35,690,186,180,1155,1,2,1,1
20260928T1937,PUS,19:35,127,133,120,986,1,1,1,1
20260928T1937,TAE,19:35,0,0,180,0,1,1,1,1
20260928T2007,CJU,20:05,838,147,300,1340,1,1,1,2
20260928T2007,GMP,20:05,860,252,180,1699,1,2,1,1
20260928T2007,PUS,20:05,382,134,120,1185,1,1,1,1
20260928T2037,CJU,20:35,995,78,300,1349,1,1,1,2
20260928T2037,GMP,20:35,2117,117,180,980,1,1,1,1
20260928T2037,PUS,20:35,1906,272,120,704,1,2,1,1
20260928T2107,CJU,21:05,592,190,300,1190,1,2,1,1
20260928T2107,GMP,21:05,0,0,180,844,1,1,1,1
20260928T2107,PUS,21:05,1429,144,120,693,1,1,1,1
20260929T0637,CJU,06:35,877,110,300,740,1,1,1,1
20260929T0637,GMP,06:35,3823,154,180,1508,1,1,1,1
20260929T0707,CJJ,07:05,840,535,180,1200,3,3,1,2
20260929T0707,CJU,07:05,319,115,300,912,1,1,1,1
20260929T0707,GMP,07:05,577,201,180,1906,1,2,1,1
20260929T0707,PUS,07:05,644,334,120,845,2,3,1,3
20260929T0737,CJJ,07:35,1999,126,180,1200,2,1,1,1
20260929T0737,CJU,07:35,302,126,300,1263,1,1,1,2
20260929T0737,GMP,07:35,346,226,180,1239,1,2,1,1
20260929T0737,PUS,07:35,139,186,120,1548,1,2,1,2
20260929T0737,TAE,07:35,169,316,180,1200,1,3,1,2
20260929T0807,CJJ,08:05,1344,234,180,1200,2,2,1,2
20260929T0807,CJU,08:05,1600,119,300,1331,1,1,1,2
20260929T0807,GMP,08:05,1208,173,180,1826,1,1,1,1
20260929T0807,PUS,08:05,1231,226,120,1430,3,2,1,2
20260929T0807,TAE,08:05,923,189,180,1200,1,2,1,1
20260929T0837,CJJ,08:35,988,194,180,1200,1,2,1,1
20260929T0837,CJU,08:35,773,66,300,1090,1,1,1,2
20260929T0837,GMP,08:35,770,147,180,987,1,1,1,1
20260929T0837,PUS,08:35,858,121,120,1191,1,1,1,1
20260929T0837,TAE,08:35,739,105,180,1200,1,1,1,1
20260929T0907,CJJ,09:05,1135,235,180,1200,1,2,1,1
20260929T0907,CJU,09:05,324,213,300,1509,1,2,1,2
20260929T0907,GMP,09:05,439,199,180,1101,1,2,1,1
20260929T0907,PUS,09:05,18,216,120,1248,1,2,1,1
20260929T0907,TAE,09:05,324,114,180,1200,1,1,1,1
20260929T0937,CJJ,09:35,1969,245,180,1200,1,2,1,1
20260929T0937,CJU,09:35,581,101,300,1148,1,1,1,1
20260929T0937,GMP,09:35,404,207,180,1111,1,2,1,1
20260929T0937,PUS,09:35,1053,123,120,976,2,1,1,1
20260929T0937,TAE,09:35,483,295,180,1200,1,2,1,1
20260929T1007,CJJ,10:05,0,0,180,0,1,1,1,1
20260929T1007,CJU,10:05,824,128,300,1342,1,1,1,1
20260929T1007,GMP,10:05,547,126,180,1224,1,1,1,1
20260929T1007,PUS,10:05,845,185,120,1143,2,2,1,2
20260929T1007,TAE,10:05,1087,204,180,1200,1,2,1,1
20260929T1037,CJJ,10:35,1873,365,180,1200,1,3,1,2
20260929T1037,CJU,10:35,775,140,300,854,1,1,1,1
20260929T1037,GMP,10:35,1184,351,180,1770,1,3,1,2
20260929T1037,PUS,10:35,737,116,120,1009,1,1,1,1
20260929T1037,TAE,10:35,3125,132,180,1200,1,1,1,1
20260929T1107,CJJ,11:05,1530,252,180,1200,1,2,1,2
20260929T1107,CJU,11:05,98,181,300,1205,1,2,1,2
20260929T1107,GMP,11:05,570,264,180,1225,1,2,1,1
20260929T1107,PUS,11:05,1259,383,120,926,2,3,1,2
20260929T1107,TAE,11:05,3023,0,180,1200,1,1,1,1
20260929T1137,CJJ,11:35,0,467,180,0,2,3,1,2
20260929T1137,CJU,11:35,703,254,300,1411,1,2,1,2
20260929T1137,GMP,11:35,611,260,180,1582,2,2,1,2
20260929T1137,PUS,11:35,418,227,120,786,2,2,1,2
20260929T1137,TAE,11:35,905,90,180,1200,1,1,1,1
20260929T1207,CJJ,12:05,795,269,180,1200,1,2,1,1
20260929T1207,CJU,12:05,404,164,300,1909,1,1,1,2
20260929T1207,GMP,12:05,1210,227,180,1616,1,2,1,1
20260929T1207,PUS,12:05,701,381,120,946,1,3,1,2
20260929T1207,TAE,12:05,756,383,180,1200,1,3,1,2
20260929T1237,CJJ,12:35,792,187,180,1200,1,2,1,1
20260929T1237,CJU,12:35,852,228,300,1292,1,2,1,2
20260929T1237,GMP,12:35,1135,364,180,1446,1,3,1,2
20260929T1237,PUS,12:35,1276,203,120,989,1,2,1,1
20260929T1237,TAE,12:35,444,208,180,1200,1,2,1,1
20260929T1307,CJJ,13:05,0,0,180,0,2,1,1,1
20260929T1307,CJU,13:05,530,169,300,1265,1,1,1,2
20260929T1307,GMP,13:05,955,191,180,1249,2,2,1,2
20260929T1307,PUS,13:05,1685,184,120,1367,1,2,1,1
20260929T1307,TAE,13:05,1420,131,180,1200,1,1,1,1
20260929T1337,CJJ,13:35,714,129,180,1200,1,1,1,1
20260929T1337,CJU,13:35,391,118,300,1303,1,1,1,1
20260929T1337,GMP,13:35,658,152,180,1510,1,1,1,1
20260929T1337,PUS,13:35,767,156,120,1106,1,1,1,1
20260929T1337,TAE,13:35,1542,201,180,1200,1,2,1,1
20260929T1407,CJJ,14:05,2208,229,180,1200,2,2,1,2
20260929T1407,CJU,14:05,746,214,300,1551,1,2,1,1
20260929T1407,GMP,14:05,1096,150,180,1191,1,1,1,1
20260929T1407,PUS,14:05,1378,326,120,979,1,3,1,2
20260929T1407,TAE,14:05,0,0,180,0,1,1,1,1
20260929T1437,CJJ,14:35,66,235,180,1200,1,2,1,1
20260929T1437,CJU,14:35,1237,77,300,1189,1,1,1,2
20260929T1437,GMP,14:35,1447,331,180,1146,1,3,1,2
20260929T1437,PUS,14:35,1439,115,120,971,1,1,1,1
20260929T1437,TAE,14:35,613,131,180,1200,1,1,1,1
20260929T1507,CJJ,15:05,0,0,180,0,2,1,1,1
20260929T1507,CJU,15:05,203,160,300,1624,1,1,1,2
20260929T1507,GMP,15:05,227,165,180,1509,1,1,1,1
20260929T1507,PUS,15:05,966,148,120,1032,1,1,1,1
20260929T1507,TAE,15:05,88,136,180,1200,1,1,1,1
20260929T1537,CJJ,15:35,1453,0,180,1200,1,1,1,1
20260929T1537,CJU,15:35,487,133,300,1535,1,1,1,2
20260929T1537,GMP,15:35,117,131,180,1712,1,1,1,1
20260929T1537,PUS,15:35,390,230,120,1373,1,2,1,1
20260929T1537,TAE,15:35,1434,135,180,1200,1,1,1,1
20260929T1607,CJJ,16:05,2870,452,180,1200,2,3,1,2
20260929T1607,CJU,16:05,1088,166,300,1507,1,1,1,2
20260929T1607,GMP,16:05,972,135,180,1106,1,1,1,1
20260929T1607,PUS,16:05,750,157,120,978,1,1,1,1
20260929T1607,TAE,16:05,0,0,180,695,1,1,1,1
20260929T1637,CJJ,16:35,1141,225,180,1200,1,2,1,1
20260929T1637,CJU,16:35,687,68,300,1399,1,1,1,2
20260929T1637,GMP,16:35,495,163,180,1011,1,1,1,1
20260929T1637,PUS,16:35,782,149,120,1229,1,1,1,1
20260929T1637,TAE,16:35,2088,0,180,1200,1,1,1,1
20260929T1707,CJJ,17:05,165,243,180,1200,1,2,1,1
20260929T1707,CJU,17:05,1027,126,300,1124,1,1,1,2
20260929T1707,GMP,17:05,632,107,180,1002,1,1,1,1
20260929T1707,PUS,17:05,651,152,120,815,1,1,1,1
20260929T1707,TAE,17:05,2091,101,180,1200,1,1,1,1
20260929T1737,CJJ,17:35,0,0,180,0,1,1,1,1
20260929T1737,CJU,17:35,989,150,300,1189,1,1,1,1
20260929T1737,GMP,17:35,1192,192,180,903,1,2,1,1
20260929T1737,PUS,17:35,1713,168,120,1039,1,1,1,1
20260929T1737,TAE,17:35,98,328,180,1200,1,3,1,2
20260929T1807,CJJ,18:05,337,183,180,1200,2,2,1,2
20260929T1807,CJU,18:05,647,142,300,1079,1,1,1,1
20260929T1807,GMP,18:05,711,262,180,1010,1,2,1,1
20260929T1807,PUS,18:05,1881,239,120,1365,1,2,1,1
20260929T1807,TAE,18:05,2405,419,180,859,1,3,1,2
20260929T1837,CJJ,18:35,1577,210,180,1200,1,2,1,1
20260929T1837,CJU,18:35,221,201,300,1308,1,2,1,1
20260929T1837,GMP,18:35,692,156,180,1426,1,1,1,1
20260929T1837,PUS,18:35,869,148,120,705,1,1,1,1
20260929T1837,TAE,18:35,135,113,180,1200,1,1,1,1
20260929T1907,CJJ,19:05,133,151,180,1200,1,1,1,1
20260929T1907,CJU,19:05,572,162,300,1301,1,1,1,1
20260929T1907,GMP,19:05,544,128,180,811,1,1,1,1
20260929T1907,PUS,19:05,1,326,120,1083,1,3,1,2
20260929T1907,TAE,19:05,95,431,180,1200,1,3,1,2
20260929T1937,CJJ,19:35,141,577,180,1200,1,3,1,2
20260929T1937,CJU,19:35,487,275,300,1229,1,2,1,2
20260929T1937,GMP,19:35,2405,130,180,1323,1,1,1,1
20260929T1937,PUS,19:35,508,110,120,840,1,1,1,1
20260929T1937,TAE,19:35,0,0,180,0,1,1,1,1
20260929T2007,CJU,20:05,554,107,300,1169,1,1,1,2
20260929T2007,GMP,20:05,851,138,180,1002,1,1,1,1
20260929T2007,PUS,20:05,1218,136,120,1564,1,1,1,1
20260929T2037,CJU,20:35,2842,181,300,1345,1,2,1,2
20260929T2037,GMP,20:35,4799,98,180,1145,1,1,1,1
20260929T2037,PUS,20:35,569,105,120,613,1,1,1,1
20260929T2107,CJU,21:05,601,147,300,1202,1,1,1,1
20260929T2107,GMP,21:05,0,0,180,0,1,1,1,1
20260929T2107,PUS,21:05,0,0,120,0,1,1,1,1
20260930T0637,CJU,06:35,655,142,300,926,1,1,1,1
20260930T0637,GMP,06:35,442,292,180,1504,1,2,1,1
20260930T0707,CJJ,07:05,724,229,180,1200,1,2,1,1
20260930T0707,CJU,07:05,512,139,300,1016,1,1,1,1
20260930T0707,GMP,07:05,492,246,180,1696,1,2,1,1
20260930T0707,PUS,07:05,422,324,120,1658,1,3,1,2
20260930T0737,CJJ,07:35,1166,501,180,1200,1,3,1,2
20260930T0737,CJU,07:35,405,153,300,1768,1,1,1,1
20260930T0737,GMP,07:35,3111,213,180,1554,1,2,1,1
20260930T0737,PUS,07:35,1044,221,120,1462,1,2,1,1
20260930T0737,TAE,07:35,391,165,180,1200,1,1,1,1
20260930T0807,CJJ,08:05,0,0,180,1347,1,1,1,1
20260930T0807,CJU,08:05,183,158,300,1096,1,1,1,2
20260930T0807,GMP,08:05,186,180,180,1696,1,2,1,1
20260930T0807,PUS,08:05,68,158,120,1990,1,1,1,1
20260930T0807,TAE,08:05,2373,267,180,1200,1,2,1,1
20260930T0837,CJJ,08:35,952,318,180,1200,1,3,1,2
20260930T0837,CJU,08:35,621,141,300,1353,1,1,1,2
20260930T0837,GMP,08:35,690,263,180,1140,1,2,1,1
20260930T0837,PUS,08:35,527,138,120,1525,1,1,1,1
20260930T0837,TAE,08:35,1259,220,180,1200,1,2,1,1
20260930T0907,CJJ,09:05,2188,177,180,1200,1,1,1,1
20260930T0907,CJU,09:05,806,137,300,1652,1,1,1,2
20260930T0907,GMP,09:05,1596,168,180,1169,1,1,1,1
20260930T0907,PUS,09:05,282,223,120,1730,1,2,1,1
20260930T0907,TAE,09:05,375,350,180,1200,3,3,1,2
20260930T0937,CJJ,09:35,3013,507,180,817,2,3,1,2
20260930T0937,CJU,09:35,432,248,300,1607,1,2,1,2
20260930T0937,GMP,09:35,408,233,180,1242,1,2,1,1
20260930T0937,PUS,09:35,198,184,120,1457,1,2,1,1
20260930T0937,TAE,09:35,88,256,180,1190,1,2,1,1
20260930T1007,CJJ,10:05,0,0,180,697,1,1,1,1
20260930T1007,CJU,10:05,131,119,300,1071,1,1,1,1
20260930T1007,GMP,10:05,67,178,180,1356,1,1,1,1
20260930T1007,PUS,10:05,529,214,120,1025,1,2,1,1
20260930T1007,TAE,10:05,2209,648,180,1051,1,4,1,2
20260930T1037,CJJ,10:35,2937,211,180,1200,2,2,1,2
20260930T1037,CJU,10:35,808,174,300,1068,1,1,1,1
20260930T1037,GMP,10:35,944,221,180,1538,1,2,1,1
20260930T1037,PUS,10:35,1494,216,120,884,1,2,1,1
20260930T1037,TAE,10:35,1853,368,180,1200,1,3,1,2
20260930T1107,CJJ,11:05,1553,163,180,1200,1,1,1,1
20260930T1107,CJU,11:05,472,126,300,1178,1,1,1,1
20260930T1107,GMP,11:05,1026,241,180,1611,1,2,1,1
20260930T1107,PUS,11:05,824,382,120,674,1,3,1,2
20260930T1107,TAE,11:05,2079,197,180,1200,1,2,1,1
20260930T1137,CJJ,11:35,0,0,180,0,3,1,1,2
20260930T1137,CJU,11:35,909,200,300,1249,1,2,1,1
20260930T1137,GMP,11:35,1248,151,180,1588,1,1,1,1
20260930T1137,PUS,11:35,364,671,120,1226,1,4,1,2
20260930T1137,TAE,11:35,642,187,180,1200,1,2,1,1
20260930T1207,CJJ,12:05,1113,275,180,1200,2,2,1,2
20260930T1207,CJU,12:05,316,154,300,1211,1,1,1,1
20260930T1207,GMP,12:05,980,222,180,1180,1,2,1,1
20260930T1207,PUS,12:05,206,411,120,1126,1,3,1,2
20260930T1207,TAE,12:05,229,247,180,1200,1,2,1,1
20260930T1237,CJJ,12:35,2832,436,180,1200,1,3,1,3
20260930T1237,CJU,12:35,246,144,300,1125,1,1,1,1
20260930T1237,GMP,12:35,981,310,180,1016,1,3,1,2
20260930T1237,PUS,12:35,1060,361,120,1060,1,3,1,2
20260930T1237,TAE,12:35,1435,345,180,1200,1,3,1,2
20260930T1307,CJJ,13:05,0,164,180,990,2,1,1,1
20260930T1307,CJU,13:05,1048,306,300,1409,1,3,1,2
20260930T1307,GMP,13:05,1529,413,180,1419,1,3,1,2
20260930T1307,PUS,13:05,1252,232,120,749,1,2,1,1
20260930T1307,TAE,13:05,2205,154,180,1200,1,1,1,1
20260930T1337,CJJ,13:35,341,256,180,1200,2,2,1,2
20260930T1337,CJU,13:35,394,158,300,1190,1,1,1,1
20260930T1337,GMP,13:35,796,291,180,1655,1,2,1,1
20260930T1337,PUS,13:35,35,373,120,1056,1,3,1,2
20260930T1337,TAE,13:35,935,147,180,1200,1,1,1,1
20260930T1407,CJJ,14:05,3507,242,180,1200,1,2,1,2
20260930T1407,CJU,14:05,791,103,300,1135,1,1,1,2
20260930T1407,GMP,14:05,1123,237,180,1240,1,2,1,1
20260930T1407,PUS,14:05,1025,185,120,1139,1,2,1,1
20260930T1407,TAE,14:05,0,0,180,0,1,1,1,1
20260930T1437,CJJ,14:35,0,0,180,1246,1,1,1,1
20260930T1437,CJU,14:35,2150,229,300,1327,1,2,1,2
20260930T1437,GMP,14:35,1545,226,180,1357,1,2,1,1
20260930T1437,PUS,14:35,2674,182,120,1120,1,2,1,1
20260930T1437,TAE,14:35,2420,121,180,1200,1,1,1,1
20260930T1507,CJJ,15:05,0,0,180,0,2,1,1,1
20260930T1507,CJU,15:05,506,94,300,1489,1,1,1,2
20260930T1507,GMP,15:05,280,180,180,1169,1,2,1,1
20260930T1507,PUS,15:05,569,123,120,883,1,1,1,1
20260930T1507,TAE,15:05,732,156,180,1200,1,1,1,1
20260930T1537,CJJ,15:35,443,0,180,1200,2,1,1,1
20260930T1537,CJU,15:35,609,95,300,1300,1,1,1,2
20260930T1537,GMP,15:35,1655,169,180,1224,1,1,1,1
20260930T1537,PUS,15:35,184,130,120,824,1,1,1,1
20260930T1537,TAE,15:35,2619,252,180,1200,1,2,1,1
20260930T1607,CJJ,16:05,1216,230,180,1200,1,2,1,1
20260930T1607,CJU,16:05,1035,160,300,1372,1,1,1,2
20260930T1607,GMP,16:05,1010,99,180,1700,1,1,1,1
20260930T1607,PUS,16:05,335,209,120,993,1,2,1,1
20260930T1607,TAE,16:05,226,349,180,1200,1,3,1,2
20260930T1637,CJJ,16:35,912,274,180,1200,1,2,1,1
20260930T1637,CJU,16:35,607,67,300,1361,1,1,1,2
20260930T1637,GMP,16:35,700,193,180,1602,1,2,1,1
20260930T1637,PUS,16:35,667,124,120,1010,1,1,1,1
20260930T1637,TAE,16:35,0,0,180,1200,1,1,1,1
20260930T1707,CJJ,17:05,2097,308,180,1200,1,3,1,2
20260930T1707,CJU,17:05,639,106,300,992,1,1,1,2
20260930T1707,GMP,17:05,1090,321,180,1110,1,3,1,2
20260930T1707,PUS,17:05,2254,173,120,962,1,1,1,1
20260930T1707,TAE,17:05,1741,184,180,1200,1,2,1,1
20260930T1737,CJJ,17:35,0,0,180,0,1,1,1,1
20260930T1737,CJU,17:35,405,203,300,1358,1,2,1,2
20260930T1737,GMP,17:35,448,213,180,1390,1,2,1,1
20260930T1737,PUS,17:35,469,117,120,815,1,1,1,1
20260930T1737,TAE,17:35,443,210,180,1200,1,2,1,1
20260930T1807,CJJ,18:05,3233,154,180,1200,1,1,1,1
20260930T1807,CJU,18:05,1753,121,300,1399,1,1,1,1
20260930T1807,GMP,18:05,1016,103,180,1171,1,1,1,1
20260930T1807,PUS,18:05,271,154,120,1262,1,1,1,1
20260930T1807,TAE,18:05,879,537,180,1200,1,3,1,2
